Feature,Missing Values,% of Total Values
HighCOGZF,131,99.2
OpenCOGZF,131,99.2
LowPPXXY,131,99.2
CloseLGTS,131,99.2
OpenLGTS,131,99.2
LowLGTS,131,99.2
HighLGTS,131,99.2
OpenPPXXY,131,99.2
CloseNOURF,131,99.2
OpenNOURF,131,99.2
LowCOGZF,131,99.2
HighPPXXY,131,99.2
CloseCOGZF,131,99.2
LowNOURF,131,99.2
HighNOURF,131,99.2
ClosePPXXY,131,99.2
HighOCQLF,130,98.5
CloseLCCTF,130,98.5
OpenLCCTF,130,98.5
LowLCCTF,130,98.5
OpenOCQLF,130,98.5
CloseOCQLF,130,98.5
HighLCCTF,130,98.5
LowOCQLF,130,98.5
High8LP.SG,127,96.2
Low8LP.SG,127,96.2
CloseTPQ.SG,127,96.2
Close8LC.SG,127,96.2
Open8LC.SG,127,96.2
Low8LC.SG,127,96.2
Close8LP.SG,127,96.2
HighM3I.SG,127,96.2
LowM3I.SG,127,96.2
Open8LP.SG,127,96.2
OpenLKQ1.SG,127,96.2
CloseLLC.SG,127,96.2
HighLIVX,127,96.2
HighLDQ.SG,127,96.2
LowLDQ.SG,127,96.2
OpenLDQ.SG,127,96.2
CloseLDQ.SG,127,96.2
Close9TP.SG,127,96.2
Open9TP.SG,127,96.2
Low9TP.SG,127,96.2
High9TP.SG,127,96.2
LowLIVX,127,96.2
OpenLLC.SG,127,96.2
OpenLIVX,127,96.2
CloseLIVX,127,96.2
HighLKQ1.SG,127,96.2
LowLKQ1.SG,127,96.2
CloseM3I.SG,127,96.2
CloseLKQ1.SG,127,96.2
HighLLC.SG,127,96.2
LowLLC.SG,127,96.2
OpenM3I.SG,127,96.2
High8LC.SG,127,96.2
Close85C.SG,127,96.2
HighTPQ.SG,127,96.2
Low2M7C.SG,127,96.2
High2M7C.SG,127,96.2
Open85C.SG,127,96.2
HighT77.SG,127,96.2
LowT77.SG,127,96.2
OpenT77.SG,127,96.2
Open2M7C.SG,127,96.2
CloseT77.SG,127,96.2
LowTPQ.SG,127,96.2
High7C3.SG,127,96.2
Low7C3.SG,127,96.2
Open7C3.SG,127,96.2
Close7C3.SG,127,96.2
OpenTPQ.SG,127,96.2
High85C.SG,127,96.2
Low85C.SG,127,96.2
Close2M7C.SG,127,96.2
CloseSPVI-R.BK,124,93.9
OpenSPVI-R.BK,124,93.9
LowSPVI-R.BK,124,93.9
HighSPVI-R.BK,124,93.9
ClosePTG-R.BK,123,93.2
CloseLDC-R.BK,123,93.2
CloseSR-R.BK,123,93.2
OpenSR-R.BK,123,93.2
LowSR-R.BK,123,93.2
HighSR-R.BK,123,93.2
HighPTG-R.BK,123,93.2
OpenPTG-R.BK,123,93.2
LowPTG-R.BK,123,93.2
OpenLDC-R.BK,123,93.2
LowLDC-R.BK,123,93.2
HighLDC-R.BK,123,93.2
CloseLANAC.AT,119,90.2
OpenLANAC.AT,119,90.2
LowLANAC.AT,119,90.2
HighLANAC.AT,119,90.2
CloseLLND,118,89.4
HighLLND,118,89.4
OpenLLND,118,89.4
LowLLND,118,89.4
High1499.HK,114,86.4
Low1499.HK,114,86.4
Close1499.HK,114,86.4
Open1499.HK,114,86.4
HighLICNFNHGP.BO,113,85.6
LowLICNFNHGP.BO,113,85.6
OpenLICNFNHGP.BO,113,85.6
CloseLICNFNHGP.BO,113,85.6
OpenG31.BE,112,84.8
HighG31.MU,112,84.8
Close29P.MU,112,84.8
Open29P.MU,112,84.8
Low29P.MU,112,84.8
CloseG31.BE,112,84.8
CloseG31.MU,112,84.8
LowG31.BE,112,84.8
HighG31.BE,112,84.8
Close4SL.DU,112,84.8
Open4SL.DU,112,84.8
Low4SL.DU,112,84.8
High29P.MU,112,84.8
High4SL.DU,112,84.8
OpenG31.MU,112,84.8
LowG31.MU,112,84.8
HighLNSX.HA,112,84.8
OpenLNSX.HA,112,84.8
CloseLNSX.HA,112,84.8
LowLNSX.HA,112,84.8
OpenKUBERJI.BO,110,83.3
Open2768.HK,110,83.3
Low2768.HK,110,83.3
High2768.HK,110,83.3
HighKUBERJI.BO,110,83.3
LowKUBERJI.BO,110,83.3
Close2768.HK,110,83.3
CloseKUBERJI.BO,110,83.3
High8070.HK,109,82.6
Low8070.HK,109,82.6
Open8070.HK,109,82.6
Close8070.HK,109,82.6
HighKWS.SW,109,82.6
LowKWS.SW,109,82.6
OpenKWS.SW,109,82.6
CloseKWS.SW,109,82.6
High3326.HK,108,81.8
Close8282.HK,108,81.8
High8113.HK,108,81.8
Low8113.HK,108,81.8
Close3326.HK,108,81.8
Open8113.HK,108,81.8
Low3326.HK,108,81.8
Open3301.HK,108,81.8
Close3301.HK,108,81.8
Open8490.TWO,108,81.8
Low3301.HK,108,81.8
High3301.HK,108,81.8
Open8282.HK,108,81.8
Low8282.HK,108,81.8
High8490.TWO,108,81.8
Low8490.TWO,108,81.8
Close8113.HK,108,81.8
High8282.HK,108,81.8
Close8490.TWO,108,81.8
Open3326.HK,108,81.8
High8331.HK,107,81.1
Open6514.TWO,107,81.1
Close6514.TWO,107,81.1
Low1662.HK,107,81.1
Open12J.F,107,81.1
Close12J.F,107,81.1
High1492.HK,107,81.1
Low1492.HK,107,81.1
Open1492.HK,107,81.1
Close1492.HK,107,81.1
High1662.HK,107,81.1
Open1662.HK,107,81.1
Low6514.TWO,107,81.1
Close1662.HK,107,81.1
Open8331.HK,107,81.1
High3600.HK,107,81.1
Low3600.HK,107,81.1
Open3600.HK,107,81.1
Close3600.HK,107,81.1
High6514.TWO,107,81.1
Low8331.HK,107,81.1
Low12J.F,107,81.1
Close8331.HK,107,81.1
CloseKUR.F,107,81.1
High12J.F,107,81.1
HighKUR.F,107,81.1
LowKUR.F,107,81.1
OpenKUR.F,107,81.1
LowLBMB.F,106,80.3
HighLBMB.F,106,80.3
OpenLBMB.F,106,80.3
LowSR.BK,106,80.3
CloseLBMB.F,106,80.3
High3799.HK,106,80.3
Low3799.HK,106,80.3
Close1538.HK,106,80.3
Open1538.HK,106,80.3
Low1538.HK,106,80.3
High1538.HK,106,80.3
HighSR.BK,106,80.3
CloseSR.BK,106,80.3
OpenSR.BK,106,80.3
Close3799.HK,106,80.3
Close1495.HK,106,80.3
Open1495.HK,106,80.3
Low1495.HK,106,80.3
High1495.HK,106,80.3
Close1452.HK,106,80.3
Open1452.HK,106,80.3
Low1452.HK,106,80.3
High1452.HK,106,80.3
Close0722.HK,106,80.3
Open0722.HK,106,80.3
Open3799.HK,106,80.3
High0722.HK,106,80.3
CloseLGRDY,106,80.3
OpenLGRDY,106,80.3
Low0722.HK,106,80.3
LowLGRDY,106,80.3
HighLGRDY,106,80.3
CloseSNBIF,105,79.5
Close079550.KS,105,79.5
High2199.HK,105,79.5
Low2199.HK,105,79.5
Open2199.HK,105,79.5
HighSNBIF,105,79.5
LowSNBIF,105,79.5
Close2669.HK,105,79.5
Open2669.HK,105,79.5
Low2669.HK,105,79.5
High2669.HK,105,79.5
Close225590.KQ,105,79.5
Open225590.KQ,105,79.5
Low225590.KQ,105,79.5
High225590.KQ,105,79.5
OpenSNBIF,105,79.5
Low079550.KS,105,79.5
High8477.TWO,105,79.5
Open079550.KS,105,79.5
High079550.KS,105,79.5
HighPRZ.HM,105,79.5
LowPRZ.HM,105,79.5
OpenPRZ.HM,105,79.5
Close8477.TWO,105,79.5
ClosePRZ.HM,105,79.5
Open8477.TWO,105,79.5
Low8477.TWO,105,79.5
Close2199.HK,105,79.5
Low4557.TW,104,78.8
HighLNSX.HM,104,78.8
LowLNSX.HM,104,78.8
OpenLNSX.HM,104,78.8
CloseLNSX.HM,104,78.8
High4557.TW,104,78.8
ClosePUTRY,104,78.8
Open4557.TW,104,78.8
Close4557.TW,104,78.8
HighPUTRY,104,78.8
LowPUTRY,104,78.8
OpenPUTRY,104,78.8
Low2239.TW,103,78.0
LowLEA.MX,103,78.0
OpenLEA.MX,103,78.0
HighMAJESCO.NS,103,78.0
LowMAJESCO.NS,103,78.0
OpenMAJESCO.NS,103,78.0
CloseUSV.NZ,103,78.0
CloseMAJESCO.NS,103,78.0
CloseLEA.MX,103,78.0
High8316.HK,103,78.0
Low8316.HK,103,78.0
Open8316.HK,103,78.0
Close8316.HK,103,78.0
HighLEA.MX,103,78.0
LowORTINLABSS.NS,103,78.0
OpenUSV.NZ,103,78.0
HighORTINLABSS.NS,103,78.0
High2239.TW,103,78.0
OpenORTINLABSS.NS,103,78.0
CloseORTINLABSS.NS,103,78.0
LowUSV.NZ,103,78.0
CloseUSG.NZ,103,78.0
High196700.KQ,103,78.0
Low196700.KQ,103,78.0
Open196700.KQ,103,78.0
Close196700.KQ,103,78.0
OpenUSG.NZ,103,78.0
LowUSG.NZ,103,78.0
HighUSG.NZ,103,78.0
Close2239.TW,103,78.0
Open2239.TW,103,78.0
HighUSV.NZ,103,78.0
Open2286.HK,102,77.3
HighT77.F,102,77.3
LowCAPFIN.BO,102,77.3
OpenT77.F,102,77.3
Close219550.KQ,102,77.3
Open219550.KQ,102,77.3
LowT77.F,102,77.3
Low219550.KQ,102,77.3
HighCAPFIN.BO,102,77.3
CloseCAPFIN.BO,102,77.3
OpenSAB.BO,102,77.3
LowSAB.BO,102,77.3
High219550.KQ,102,77.3
High2286.HK,102,77.3
Low3737.HK,102,77.3
HighSAB.BO,102,77.3
OpenCAPFIN.BO,102,77.3
Low2286.HK,102,77.3
Close2286.HK,102,77.3
Low2699.HK,102,77.3
CloseT77.F,102,77.3
Open2699.HK,102,77.3
High3737.HK,102,77.3
Close2699.HK,102,77.3
High0L8.F,102,77.3
Close3737.HK,102,77.3
Open3737.HK,102,77.3
Close0L8.F,102,77.3
High2699.HK,102,77.3
CloseSAB.BO,102,77.3
Open0L8.F,102,77.3
Low0L8.F,102,77.3
HighINCZY,101,76.5
Close0574.HK,101,76.5
CloseINCZY,101,76.5
Low0574.HK,101,76.5
LowINCZY,101,76.5
OpenINCZY,101,76.5
OpenLDSYF,101,76.5
CloseLDSYF,101,76.5
Open0574.HK,101,76.5
HighLDSYF,101,76.5
LowLDSYF,101,76.5
High83B.MU,101,76.5
Close1530.HK,101,76.5
OpenLBHRF,101,76.5
High6183.HK,101,76.5
Low6183.HK,101,76.5
High0574.HK,101,76.5
Open6183.HK,101,76.5
Close6183.HK,101,76.5
High83B.F,101,76.5
Open1530.HK,101,76.5
Low1530.HK,101,76.5
High1530.HK,101,76.5
Close83B.MU,101,76.5
Open83B.MU,101,76.5
Low83B.MU,101,76.5
LowLBHRF,101,76.5
HighLBHRF,101,76.5
Close83B.F,101,76.5
Open83B.F,101,76.5
Low83B.F,101,76.5
CloseLBHRF,101,76.5
LowSOUHY,100,75.8
CloseSOUHY,100,75.8
OpenSOUHY,100,75.8
Low8355.HK,100,75.8
High8355.HK,100,75.8
Low2236.TW,100,75.8
OpenLNSX.MU,100,75.8
Open8355.HK,100,75.8
HighLNSX.BE,100,75.8
LowLNSX.MU,100,75.8
HighLNSX.MU,100,75.8
CloseLNSX.BE,100,75.8
OpenLNSX.BE,100,75.8
LowLNSX.BE,100,75.8
CloseLNSX.MU,100,75.8
HighSHTLF,100,75.8
Close8355.HK,100,75.8
LowSHTLF,100,75.8
OpenSHTLF,100,75.8
CloseSHTLF,100,75.8
HighSOUHY,100,75.8
Close2236.TW,100,75.8
Open2236.TW,100,75.8
High2236.TW,100,75.8
Low41O.SI,99,75.0
Open41O.SI,99,75.0
Close41O.SI,99,75.0
High41O.SI,99,75.0
Low0442.HK,98,74.2
Low1566.HK,98,74.2
Open1566.HK,98,74.2
CloseMANAKSTELTD.BO,98,74.2
OpenMANAKSTELTD.BO,98,74.2
LowMANAKSTELTD.BO,98,74.2
LowKTB-R.BK,98,74.2
HighMANAKSTELTD.BO,98,74.2
High1430.HK,98,74.2
CloseLH-R.BK,98,74.2
Close1566.HK,98,74.2
High0442.HK,98,74.2
Open0442.HK,98,74.2
Close0442.HK,98,74.2
HighKTB-R.BK,98,74.2
HighLB.MX,98,74.2
LowLB.MX,98,74.2
High1566.HK,98,74.2
OpenLH-R.BK,98,74.2
Low1430.HK,98,74.2
Low1310.HK,98,74.2
Open1430.HK,98,74.2
Close1430.HK,98,74.2
CloseKSL-R.BK,98,74.2
OpenKSL-R.BK,98,74.2
LowKSL-R.BK,98,74.2
HighKSL-R.BK,98,74.2
High1310.HK,98,74.2
Open1310.HK,98,74.2
Close1310.HK,98,74.2
HighLH-R.BK,98,74.2
LowLH-R.BK,98,74.2
CloseLB.MX,98,74.2
CloseKTB-R.BK,98,74.2
OpenKTB-R.BK,98,74.2
OpenLB.MX,98,74.2
CloseSCN.BK,97,73.5
LowSCN.BK,97,73.5
OpenSCN.BK,97,73.5
HighSCN.BK,97,73.5
OpenMERCURYLAB.BO,97,73.5
High8093.HK,97,73.5
Close8093.HK,97,73.5
CloseLAMBODHARA.NS,97,73.5
OpenLAMBODHARA.NS,97,73.5
LowLAMBODHARA.NS,97,73.5
HighLAMBODHARA.NS,97,73.5
CloseMERCURYLAB.BO,97,73.5
Low8238.HK,97,73.5
Open8093.HK,97,73.5
Low8093.HK,97,73.5
High8238.HK,97,73.5
Open8238.HK,97,73.5
Close8238.HK,97,73.5
HighMERCURYLAB.BO,97,73.5
LowMERCURYLAB.BO,97,73.5
OpenLEO.SW,96,72.7
Close2212.HK,96,72.7
Open0XC.MU,96,72.7
Close0XC.MU,96,72.7
Low3708.HK,96,72.7
Open3708.HK,96,72.7
Close3708.HK,96,72.7
CloseLGT-A.TO,96,72.7
OpenLGT-A.TO,96,72.7
High8268.HK,96,72.7
Low2212.HK,96,72.7
Open2212.HK,96,72.7
CloseLEO.SW,96,72.7
High2212.HK,96,72.7
LowSKIL.BO,96,72.7
HighSKIL.BO,96,72.7
Open1993.HK,96,72.7
HighLEO.SW,96,72.7
HighLGT-A.TO,96,72.7
LowLEO.SW,96,72.7
Close1993.HK,96,72.7
Low0XC.MU,96,72.7
LowLGT-A.TO,96,72.7
LowLXP-PC,96,72.7
OpenNDR.BK,96,72.7
Low8268.HK,96,72.7
Open8268.HK,96,72.7
Close8268.HK,96,72.7
HighNDR.BK,96,72.7
LowNDR.BK,96,72.7
High1362.HK,96,72.7
Low1362.HK,96,72.7
Open1362.HK,96,72.7
Close1362.HK,96,72.7
CloseNDR.BK,96,72.7
HighLXP-PC,96,72.7
CloseSKIL.BO,96,72.7
OpenSKIL.BO,96,72.7
Low1993.HK,96,72.7
High1993.HK,96,72.7
High3708.HK,96,72.7
CloseLXP-PC,96,72.7
OpenLXP-PC,96,72.7
High0XC.MU,96,72.7
Open8LC.MU,95,72.0
High6431.TW,95,72.0
Low6431.TW,95,72.0
Close8LC.F,95,72.0
Low8LC.MU,95,72.0
Close8LC.MU,95,72.0
Open6431.TW,95,72.0
Open8LC.BE,95,72.0
Low8LC.BE,95,72.0
Close6431.TW,95,72.0
High8LC.BE,95,72.0
Close8LC.BE,95,72.0
High8LC.F,95,72.0
Low8LC.F,95,72.0
Open8LC.F,95,72.0
High8LC.MU,95,72.0
Close8267.HK,95,72.0
High8307.HK,95,72.0
High0520.HK,95,72.0
LowKYRA.F,95,72.0
HighKYRA.F,95,72.0
HighCAPPIPES.BO,95,72.0
LowCAPPIPES.BO,95,72.0
HighLAA.AX,95,72.0
OpenCAPPIPES.BO,95,72.0
CloseCAPPIPES.BO,95,72.0
LowLAA.AX,95,72.0
Close0520.HK,95,72.0
Low0520.HK,95,72.0
Open0520.HK,95,72.0
Close8307.HK,95,72.0
Low8267.HK,95,72.0
CloseKYRA.F,95,72.0
CloseLAA.AX,95,72.0
OpenLAA.AX,95,72.0
Open8267.HK,95,72.0
Low8307.HK,95,72.0
Open8307.HK,95,72.0
OpenKYRA.F,95,72.0
High8267.HK,95,72.0
OpenKSTUR.IS,94,71.2
CloseGRPBF,94,71.2
Close6118.HK,94,71.2
Open6118.HK,94,71.2
Low6118.HK,94,71.2
HighKSTUR.IS,94,71.2
High6118.HK,94,71.2
LowKSTUR.IS,94,71.2
CloseKSTUR.IS,94,71.2
Open6882.HK,94,71.2
Low6882.HK,94,71.2
OpenGRPBF,94,71.2
High6882.HK,94,71.2
LowGRPBF,94,71.2
Close204840.KQ,94,71.2
Open204840.KQ,94,71.2
HighGRPBF,94,71.2
Close6882.HK,94,71.2
Low204840.KQ,94,71.2
High204840.KQ,94,71.2
High8363.HK,93,70.5
Close8195.HK,93,70.5
Close85C.F,93,70.5
CloseSRCAF,93,70.5
Close8363.HK,93,70.5
Close6893.HK,93,70.5
HighLLI.MU,93,70.5
LowLLI.MU,93,70.5
Open8363.HK,93,70.5
Open85C.F,93,70.5
Low6893.HK,93,70.5
Low85C.F,93,70.5
High85C.F,93,70.5
High6893.HK,93,70.5
Open8195.HK,93,70.5
Low8195.HK,93,70.5
High8195.HK,93,70.5
Close4SL.HM,93,70.5
Open4SL.HM,93,70.5
Low4SL.HM,93,70.5
HighSRCAF,93,70.5
High4SL.HM,93,70.5
LowSRCAF,93,70.5
OpenSRCAF,93,70.5
Open6893.HK,93,70.5
Low8363.HK,93,70.5
OpenLLI.MU,93,70.5
High1466.HK,93,70.5
High1592.TW,93,70.5
HighSMART.BK,93,70.5
CloseSPA.BK,93,70.5
Open1592.TW,93,70.5
Close1592.TW,93,70.5
OpenSPA.BK,93,70.5
LowSPA.BK,93,70.5
CloseLLI.MU,93,70.5
Low1592.TW,93,70.5
Low1466.HK,93,70.5
LowSMART.BK,93,70.5
Close1466.HK,93,70.5
OpenSMART.BK,93,70.5
Open1466.HK,93,70.5
CloseSMART.BK,93,70.5
HighSPA.BK,93,70.5
HighG31.SG,92,69.7
LowG31.SG,92,69.7
Close85C.BE,92,69.7
HighLDC.BK,92,69.7
CloseG31.F,92,69.7
High85C.BE,92,69.7
OpenG31.F,92,69.7
LowG31.F,92,69.7
LowLDC.BK,92,69.7
OpenG31.SG,92,69.7
CloseG31.SG,92,69.7
Low85C.BE,92,69.7
HighFRLF,92,69.7
Open85C.BE,92,69.7
LowFRLF,92,69.7
OpenFRLF,92,69.7
Low85C.MU,92,69.7
OpenLDC.BK,92,69.7
High85C.MU,92,69.7
Close85C.MU,92,69.7
CloseFRLF,92,69.7
Open85C.MU,92,69.7
HighG31.F,92,69.7
CloseLDC.BK,92,69.7
Low9TP.BE,91,68.9
OpenL8L.F,91,68.9
Open9TP.BE,91,68.9
Close8315.HK,91,68.9
High9TP.BE,91,68.9
High0WH.MU,91,68.9
LowL8L.F,91,68.9
HighL8L.F,91,68.9
Open8315.HK,91,68.9
High8315.HK,91,68.9
CloseL8L.F,91,68.9
Low0WH.MU,91,68.9
Open0WH.MU,91,68.9
High9TP.F,91,68.9
Low9TP.F,91,68.9
Open9TP.F,91,68.9
Close9TP.F,91,68.9
Close0WH.MU,91,68.9
Close0WH.BE,91,68.9
Open0WH.BE,91,68.9
Low0WH.BE,91,68.9
High0WH.BE,91,68.9
Close9TP.BE,91,68.9
Low8315.HK,91,68.9
CloseLHK-R.BK,90,68.2
CloseLALIN-R.BK,90,68.2
Low1367.HK,90,68.2
High1367.HK,90,68.2
Close6123.HK,90,68.2
OpenLHK-R.BK,90,68.2
Open1253.HK,90,68.2
Close1253.HK,90,68.2
High1446.HK,90,68.2
Low1446.HK,90,68.2
Open1446.HK,90,68.2
Close1446.HK,90,68.2
Low8237.HK,90,68.2
High8237.HK,90,68.2
Close8147.HK,90,68.2
HighLALIN-R.BK,90,68.2
LowLALIN-R.BK,90,68.2
Open6123.HK,90,68.2
Low6123.HK,90,68.2
High3PL.AX,90,68.2
Open1848.HK,90,68.2
High2399.HK,90,68.2
Low2399.HK,90,68.2
Open2399.HK,90,68.2
Close2399.HK,90,68.2
High1848.HK,90,68.2
Low1848.HK,90,68.2
Close1848.HK,90,68.2
Low3PL.AX,90,68.2
High6123.HK,90,68.2
High1253.HK,90,68.2
Close1367.HK,90,68.2
Open1367.HK,90,68.2
Close3PL.AX,90,68.2
Open3PL.AX,90,68.2
OpenLALIN-R.BK,90,68.2
Low1253.HK,90,68.2
Low8147.HK,90,68.2
Low3081.TWO,90,68.2
LowLHK-R.BK,90,68.2
Open8147.HK,90,68.2
Close3081.TWO,90,68.2
High3081.TWO,90,68.2
Open8237.HK,90,68.2
Close8237.HK,90,68.2
High8147.HK,90,68.2
HighLHK-R.BK,90,68.2
Open3081.TWO,90,68.2
Low2298.HK,89,67.4
Low3639.HK,89,67.4
High3639.HK,89,67.4
High2298.HK,89,67.4
Low1626.HK,89,67.4
Open1626.HK,89,67.4
Close1626.HK,89,67.4
HighLANNA-R.BK,89,67.4
LowLANNA-R.BK,89,67.4
OpenLANNA-R.BK,89,67.4
High1626.HK,89,67.4
CloseLANNA-R.BK,89,67.4
CloseCAPLIPOINT.NS,89,67.4
LowCAPLIPOINT.NS,89,67.4
Close2298.HK,89,67.4
HighLEE-R.BK,89,67.4
LowLEE-R.BK,89,67.4
OpenLEE-R.BK,89,67.4
Open2298.HK,89,67.4
CloseLEE-R.BK,89,67.4
OpenCAPLIPOINT.NS,89,67.4
Close3639.HK,89,67.4
Open3639.HK,89,67.4
HighCAPLIPOINT.NS,89,67.4
Close19MA.F,88,66.7
High1397.HK,88,66.7
Open19MA.F,88,66.7
Low19MA.F,88,66.7
HighLCM.SG,88,66.7
Open1397.HK,88,66.7
Low1397.HK,88,66.7
Close1397.HK,88,66.7
LowLCM.SG,88,66.7
OpenLCM.SG,88,66.7
CloseLCM.SG,88,66.7
High134.F,88,66.7
High19MA.F,88,66.7
Open134.F,88,66.7
Close134.F,88,66.7
Low134.F,88,66.7
Close09B.F,87,65.9
Open09B.F,87,65.9
Low09B.F,87,65.9
High09B.MU,87,65.9
Open09B.BE,87,65.9
Low09B.BE,87,65.9
CloseLED.F,87,65.9
Close09B.BE,87,65.9
Close09B.MU,87,65.9
Open09B.MU,87,65.9
Low09B.MU,87,65.9
High09B.BE,87,65.9
High09B.F,87,65.9
Low1400.HK,87,65.9
HighLMN.SW,87,65.9
Close1400.HK,87,65.9
Open1T6.F,87,65.9
Low1T6.F,87,65.9
High1T6.F,87,65.9
Open1400.HK,87,65.9
High1400.HK,87,65.9
HighLED.F,87,65.9
LowLED.F,87,65.9
OpenLED.F,87,65.9
LowLMN.SW,87,65.9
OpenLMN.SW,87,65.9
CloseLMN.SW,87,65.9
Close1T6.F,87,65.9
CloseSEI.F,86,65.2
OpenSEI.F,86,65.2
LowG8L.F,86,65.2
HighG8L.F,86,65.2
LowSEI.F,86,65.2
CloseLED.MU,86,65.2
OpenLED.MU,86,65.2
LowLED.MU,86,65.2
HighLED.MU,86,65.2
HighLED.BE,86,65.2
HighLT6.F,86,65.2
CloseG8L.F,86,65.2
LowLED.BE,86,65.2
OpenLED.BE,86,65.2
HighSEI.F,86,65.2
Low0798.HK,86,65.2
CloseLED.BE,86,65.2
High0798.HK,86,65.2
CloseLT6.F,86,65.2
OpenG8L.F,86,65.2
LowLT6.F,86,65.2
Open0798.HK,86,65.2
OpenLT6.F,86,65.2
Close0798.HK,86,65.2
Open1340.HK,85,64.4
HighDENISCHEM.BO,85,64.4
HighLD1A.F,85,64.4
Low1340.HK,85,64.4
High1340.HK,85,64.4
LowDENISCHEM.BO,85,64.4
OpenDENISCHEM.BO,85,64.4
CloseDENISCHEM.BO,85,64.4
Close1340.HK,85,64.4
Close8311.HK,85,64.4
Open8311.HK,85,64.4
Low8311.HK,85,64.4
LowLD1A.F,85,64.4
OpenLD1A.F,85,64.4
CloseLD1A.F,85,64.4
High8311.HK,85,64.4
Open2226.HK,84,63.6
LowC1P.F,84,63.6
OpenC1P.F,84,63.6
High2226.HK,84,63.6
Low2226.HK,84,63.6
High2080.HK,84,63.6
Close2226.HK,84,63.6
Close1389.HK,84,63.6
High1439.HK,84,63.6
Low1389.HK,84,63.6
High1389.HK,84,63.6
CloseC1P.F,84,63.6
Open1389.HK,84,63.6
Low2080.HK,84,63.6
Open1439.HK,84,63.6
Close1262.TW,84,63.6
Low1262.TW,84,63.6
High1262.TW,84,63.6
Close1439.HK,84,63.6
Close2080.HK,84,63.6
HighC1P.F,84,63.6
High2P5.F,84,63.6
Low2P5.F,84,63.6
Open1262.TW,84,63.6
Open2080.HK,84,63.6
Open2P5.F,84,63.6
Close2P5.F,84,63.6
Low1439.HK,84,63.6
OpenT2H.BE,83,62.9
LowT2H.BE,83,62.9
HighT2H.BE,83,62.9
CloseT2H.BE,83,62.9
Close6415.TW,83,62.9
Open6415.TW,83,62.9
Close1233.HK,83,62.9
Open1233.HK,83,62.9
Low1233.HK,83,62.9
High1233.HK,83,62.9
Low6415.TW,83,62.9
High6415.TW,83,62.9
Open1689.HK,83,62.9
High1884.HK,83,62.9
High1681.HK,83,62.9
High29P.BE,83,62.9
Low29P.BE,83,62.9
Low1884.HK,83,62.9
Open29P.BE,83,62.9
Close29P.BE,83,62.9
LowSPVI.BK,83,62.9
Low1340.TW,83,62.9
High1340.TW,83,62.9
OpenSPVI.BK,83,62.9
Close1689.HK,83,62.9
CloseSPVI.BK,83,62.9
Open1884.HK,83,62.9
Close1340.TW,83,62.9
Close1884.HK,83,62.9
Low1681.HK,83,62.9
Close2115.TW,83,62.9
Low1689.HK,83,62.9
High1689.HK,83,62.9
Close1681.HK,83,62.9
High154040.KQ,83,62.9
High2115.TW,83,62.9
HighSPVI.BK,83,62.9
Low2115.TW,83,62.9
Open2115.TW,83,62.9
Low154040.KQ,83,62.9
Open154040.KQ,83,62.9
Close154040.KQ,83,62.9
Open1681.HK,83,62.9
Open1340.TW,83,62.9
Low29P.F,82,62.1
HighPWE.F,82,62.1
LowPWE.F,82,62.1
OpenPWE.F,82,62.1
ClosePWE.F,82,62.1
High29P.F,82,62.1
OpenLG1.F,82,62.1
High1345.HK,82,62.1
Low1345.HK,82,62.1
Close1345.HK,82,62.1
High1370.HK,82,62.1
Low1370.HK,82,62.1
HighLGFRY,82,62.1
Open29P.F,82,62.1
OpenLGFRY,82,62.1
CloseLGFRY,82,62.1
Open1370.HK,82,62.1
Close1370.HK,82,62.1
HighMEGA.BK,82,62.1
LowMEGA.BK,82,62.1
CloseMEGA.BK,82,62.1
OpenMEGA.BK,82,62.1
LowLGFRY,82,62.1
Open1345.HK,82,62.1
Close29P.F,82,62.1
HighLG1.BE,82,62.1
LowLG1.F,82,62.1
HighLG1.F,82,62.1
CloseLG1.BE,82,62.1
CloseLG1.F,82,62.1
OpenLG1.BE,82,62.1
LowLG1.BE,82,62.1
High1246.HK,81,61.4
Low1246.HK,81,61.4
Open1290.HK,81,61.4
Close0401.HK,81,61.4
Open0401.HK,81,61.4
Low0401.HK,81,61.4
High1316.HK,81,61.4
Low1316.HK,81,61.4
Open1316.HK,81,61.4
Open0484.HK,81,61.4
Low0484.HK,81,61.4
Close1316.HK,81,61.4
High8218.HK,81,61.4
Low8218.HK,81,61.4
Low8NX.BE,81,61.4
High8NX.F,81,61.4
High2023.HK,81,61.4
Low2023.HK,81,61.4
Open2023.HK,81,61.4
Close2023.HK,81,61.4
Low8NX.F,81,61.4
Open8NX.F,81,61.4
High8NX.BE,81,61.4
Open8218.HK,81,61.4
Close8NX.F,81,61.4
HighPRZ.MU,81,61.4
LowPRZ.MU,81,61.4
OpenPRZ.MU,81,61.4
High0401.HK,81,61.4
Close8218.HK,81,61.4
ClosePRZ.MU,81,61.4
Close1290.HK,81,61.4
Open1246.HK,81,61.4
Low1290.HK,81,61.4
High8101.HK,81,61.4
High0484.HK,81,61.4
CloseL8L.BE,81,61.4
OpenL8L.BE,81,61.4
LowL8L.BE,81,61.4
Open8NX.BE,81,61.4
HighL8L.BE,81,61.4
Close8NX.BE,81,61.4
Low8101.HK,81,61.4
Open8101.HK,81,61.4
Close0484.HK,81,61.4
High1290.HK,81,61.4
Close8101.HK,81,61.4
Close1246.HK,81,61.4
CloseKU1.SG,80,60.6
OpenKU1.SG,80,60.6
OpenLGDN.SG,80,60.6
LowLGDN.SG,80,60.6
HighLGDN.SG,80,60.6
CloseLGDN.SG,80,60.6
HighKU1.SG,80,60.6
LowKU1.SG,80,60.6
High1271.HK,79,59.8
Low1271.HK,79,59.8
Open1271.HK,79,59.8
Close1271.HK,79,59.8
Close8310.HK,79,59.8
High3TG.F,79,59.8
Close3TG.F,79,59.8
Open3TG.F,79,59.8
Low3TG.F,79,59.8
High8310.HK,79,59.8
Low8310.HK,79,59.8
Open8310.HK,79,59.8
Close1107.HK,78,59.1
Low8444.TWO,78,59.1
High8444.TWO,78,59.1
Open1107.HK,78,59.1
Low1107.HK,78,59.1
Open8444.TWO,78,59.1
High1107.HK,78,59.1
Close8444.TWO,78,59.1
HighOSR.MU,78,59.1
Close4ML.F,78,59.1
Open4ML.F,78,59.1
Low6898.HK,78,59.1
Open6898.HK,78,59.1
Close6898.HK,78,59.1
CloseOSR.MU,78,59.1
OpenOSR.MU,78,59.1
OpenOSR.DU,78,59.1
CloseOSR.DU,78,59.1
HighOSR.F,78,59.1
LowOSR.F,78,59.1
OpenOSR.F,78,59.1
CloseOSR.F,78,59.1
LowOSR.MU,78,59.1
HighOSR.HA,78,59.1
LowOSR.HA,78,59.1
OpenOSR.HA,78,59.1
High6898.HK,78,59.1
CloseOSR.HA,78,59.1
LowOSR.BE,78,59.1
HighOSR.BE,78,59.1
Low4ML.F,78,59.1
High4ML.F,78,59.1
High2112.HK,78,59.1
Low2112.HK,78,59.1
Open2112.HK,78,59.1
Close2112.HK,78,59.1
LowOSR.DU,78,59.1
OpenOSR.BE,78,59.1
CloseOSR.BE,78,59.1
HighOSR.DU,78,59.1
HighS9B.SI,77,58.3
CloseS9B.SI,77,58.3
OpenS9B.SI,77,58.3
LowS9B.SI,77,58.3
CloseLVNSF,77,58.3
OpenLVNSF,77,58.3
LowMONO.BK,77,58.3
High3836.HK,77,58.3
Close1TC.BE,77,58.3
Open1TC.BE,77,58.3
Low1TC.BE,77,58.3
High1TC.BE,77,58.3
Low3836.HK,77,58.3
Open3836.HK,77,58.3
Close3836.HK,77,58.3
OpenMONO.BK,77,58.3
CloseMONO.BK,77,58.3
HighMONO.BK,77,58.3
HighLVNSF,77,58.3
LowLVNSF,77,58.3
LowLEK.L,76,57.6
CloseL5K.F,76,57.6
OpenL5K.F,76,57.6
OpenLEK.L,76,57.6
LowL5K.F,76,57.6
HighLEK.L,76,57.6
HighLFCYF,76,57.6
CloseLFCYF,76,57.6
HighL5K.F,76,57.6
LowLFCYF,76,57.6
CloseLTS-PA,76,57.6
OpenLTS-PA,76,57.6
LowLTS-PA,76,57.6
HighLTS-PA,76,57.6
CloseLEK.L,76,57.6
OpenLFCYF,76,57.6
LowSEEMF,75,56.8
OpenSEEMF,75,56.8
High8260.HK,75,56.8
HighSEEMF,75,56.8
Low8260.HK,75,56.8
Close4977.TW,75,56.8
Open8260.HK,75,56.8
High4977.TW,75,56.8
Low4977.TW,75,56.8
Open4977.TW,75,56.8
OpenLNN.MU,75,56.8
CloseSEEMF,75,56.8
HighLNN.MU,75,56.8
LowLNN.MU,75,56.8
Close8260.HK,75,56.8
CloseLNN.MU,75,56.8
Low2236.HK,74,56.1
High2236.HK,74,56.1
High1148.HK,74,56.1
HighLHL1.SG,74,56.1
Low1148.HK,74,56.1
Open1148.HK,74,56.1
Close1148.HK,74,56.1
LowLHL1.SG,74,56.1
OpenLHL1.SG,74,56.1
CloseLHL1.SG,74,56.1
Close2236.HK,74,56.1
Open2236.HK,74,56.1
Close8072.HK,73,55.3
CloseNUSA-R.BK,73,55.3
OpenNUSA-R.BK,73,55.3
LowNUSA-R.BK,73,55.3
High2033.HK,73,55.3
Low2033.HK,73,55.3
Close2033.HK,73,55.3
HighNUSA-R.BK,73,55.3
High8072.HK,73,55.3
Open2033.HK,73,55.3
Low8072.HK,73,55.3
HighLNCLF,73,55.3
Open8072.HK,73,55.3
LowPPP.BK,73,55.3
OpenPPP.BK,73,55.3
ClosePPP.BK,73,55.3
HighPPP.BK,73,55.3
LowLNCLF,73,55.3
CloseLNCLF,73,55.3
OpenLNCLF,73,55.3
HighLSDAF,73,55.3
LowLSDAF,73,55.3
OpenLSDAF,73,55.3
CloseLSDAF,73,55.3
LowKTA.AX,71,53.8
HighKTA.AX,71,53.8
OpenKTA.AX,71,53.8
Open2923.TW,71,53.8
Close2923.TW,71,53.8
CloseKTA.AX,71,53.8
Close1908.HK,71,53.8
Low1908.HK,71,53.8
High1908.HK,71,53.8
High2923.TW,71,53.8
Low2923.TW,71,53.8
Open1908.HK,71,53.8
ClosePRZ.F,70,53.0
Open2223.HK,70,53.0
Low2223.HK,70,53.0
High2223.HK,70,53.0
HighPRZ.F,70,53.0
LowPRZ.F,70,53.0
OpenPRZ.F,70,53.0
Open149950.KQ,70,53.0
Close149950.KQ,70,53.0
Low149950.KQ,70,53.0
High1314.HK,70,53.0
Low1314.HK,70,53.0
Open1314.HK,70,53.0
Close1314.HK,70,53.0
High149950.KQ,70,53.0
Close2223.HK,70,53.0
High3816.HK,69,52.3
Close3816.HK,69,52.3
Low3816.HK,69,52.3
Open3816.HK,69,52.3
CloseKUZB.ME,68,51.5
LowKUZB.ME,68,51.5
HighKUZB.ME,68,51.5
OpenKUZB.ME,68,51.5
LowMUF.BE,67,50.8
HighTTNDF,67,50.8
HighSNLAF,67,50.8
LowSNLAF,67,50.8
OpenSNLAF,67,50.8
CloseSNLAF,67,50.8
HighMUF.BE,67,50.8
High1468.HK,67,50.8
Low1468.HK,67,50.8
Open1468.HK,67,50.8
Close1468.HK,67,50.8
HighMUF.F,67,50.8
OpenMUF.BE,67,50.8
CloseMUF.BE,67,50.8
LowMUF.F,67,50.8
OpenMUF.F,67,50.8
High151910.KQ,67,50.8
Low151910.KQ,67,50.8
Open151910.KQ,67,50.8
CloseMUF.F,67,50.8
LowTTNDF,67,50.8
OpenTTNDF,67,50.8
CloseTTNDF,67,50.8
Close151910.KQ,67,50.8
Open3966.HK,67,50.8
Close3966.HK,67,50.8
Low3966.HK,67,50.8
OpenSSDOF,67,50.8
CloseSSDOF,67,50.8
CloseRGRNF,67,50.8
OpenRGRNF,67,50.8
HighSSDOF,67,50.8
LowRGRNF,67,50.8
LowSSDOF,67,50.8
High3966.HK,67,50.8
HighRGRNF,67,50.8
OpenUM9.MU,66,50.0
HighLPE.SG,66,50.0
LowML2.BE,66,50.0
HighML2.BE,66,50.0
LowKV7.SG,66,50.0
OpenKV7.SG,66,50.0
CloseKV7.SG,66,50.0
High8LP.BE,66,50.0
CloseVA3.SG,66,50.0
LowVA3.SG,66,50.0
LowLPE.SG,66,50.0
OpenLPE.SG,66,50.0
OpenVA3.SG,66,50.0
High3DC.SG,66,50.0
HighMWX.F,66,50.0
Low3DC.SG,66,50.0
HighT4N.SG,66,50.0
OpenML2.BE,66,50.0
CloseLCM.BE,66,50.0
Close3DC.SG,66,50.0
Open3DC.SG,66,50.0
LowUM9.MU,66,50.0
HighLCM.BE,66,50.0
LowLCM.BE,66,50.0
OpenLCM.BE,66,50.0
HighKV7.SG,66,50.0
HighVA3.SG,66,50.0
CloseMWX.F,66,50.0
CloseML2.BE,66,50.0
OpenMWX.F,66,50.0
LowMWX.F,66,50.0
Close1699.HK,66,50.0
Open1699.HK,66,50.0
Low1699.HK,66,50.0
CloseT4N.SG,66,50.0
High1699.HK,66,50.0
Open8LP.BE,66,50.0
Low8LP.BE,66,50.0
CloseUM9.MU,66,50.0
Close8LP.BE,66,50.0
Low3939.HK,66,50.0
OpenT4N.SG,66,50.0
CloseLPE.SG,66,50.0
High3939.HK,66,50.0
LowLFS.F,66,50.0
OpenLFS.F,66,50.0
HighLFS.F,66,50.0
Open3939.HK,66,50.0
CloseLFS.F,66,50.0
HighUM9.MU,66,50.0
LowT4N.SG,66,50.0
Close3939.HK,66,50.0
Open3663.HK,65,49.2
High3663.HK,65,49.2
High8420.TWO,65,49.2
Low8420.TWO,65,49.2
Open8420.TWO,65,49.2
Close8420.TWO,65,49.2
Low3663.HK,65,49.2
Close6168.HK,65,49.2
Close3663.HK,65,49.2
Open6168.HK,65,49.2
CloseLFE-PB.TO,65,49.2
High0695.HK,65,49.2
OpenLFE-PB.TO,65,49.2
LowLFE-PB.TO,65,49.2
Close74401722.KS,65,49.2
Open74401722.KS,65,49.2
Low74401722.KS,65,49.2
HighLFE-PB.TO,65,49.2
High74401722.KS,65,49.2
High6168.HK,65,49.2
Low6168.HK,65,49.2
Close5230.TWO,65,49.2
Low0695.HK,65,49.2
High5230.TWO,65,49.2
Close4972.TWO,65,49.2
Close0695.HK,65,49.2
Open0695.HK,65,49.2
Low5230.TWO,65,49.2
Open4972.TWO,65,49.2
Low4972.TWO,65,49.2
High4972.TWO,65,49.2
Open5230.TWO,65,49.2
Low1522.HK,64,48.5
Open1522.HK,64,48.5
HighMETROGLOBL.BO,64,48.5
OpenINVS,64,48.5
LowINVS,64,48.5
HighINVS,64,48.5
High1522.HK,64,48.5
LowMETROGLOBL.BO,64,48.5
Close1522.HK,64,48.5
CloseMETROGLOBL.BO,64,48.5
OpenMETROGLOBL.BO,64,48.5
CloseINVS,64,48.5
Open1613.HK,63,47.7
HighSG51.SG,63,47.7
LowSG51.SG,63,47.7
LowPLA.V,63,47.7
Close1613.HK,63,47.7
OpenSG51.SG,63,47.7
CloseSG51.SG,63,47.7
HighPLA.V,63,47.7
Close0863.HK,63,47.7
Open0863.HK,63,47.7
Low0863.HK,63,47.7
High1613.HK,63,47.7
Low1613.HK,63,47.7
High0863.HK,63,47.7
CloseKZOSP.ME,63,47.7
High6LH.MU,63,47.7
High1329.HK,63,47.7
OpenKZOSP.ME,63,47.7
LowKZOSP.ME,63,47.7
HighKZOSP.ME,63,47.7
HighK1W.MU,63,47.7
LowK1W.MU,63,47.7
OpenK1W.MU,63,47.7
CloseK1W.MU,63,47.7
Low6LH.MU,63,47.7
HighMLRYY,63,47.7
LowMLRYY,63,47.7
ClosePLA.V,63,47.7
OpenPLA.V,63,47.7
Low1329.HK,63,47.7
Open6LH.MU,63,47.7
Close6LH.MU,63,47.7
CloseMLRYY,63,47.7
OpenMLRYY,63,47.7
Close1329.HK,63,47.7
Open1329.HK,63,47.7
High1260.HK,62,47.0
Close8423.TWO,62,47.0
CloseSMPC.BK,62,47.0
High8423.TWO,62,47.0
LowSMPC.BK,62,47.0
HighSMPC.BK,62,47.0
OpenSMPC.BK,62,47.0
High1591.TWO,62,47.0
Open1260.HK,62,47.0
Low1591.TWO,62,47.0
Low8423.TWO,62,47.0
Close1260.HK,62,47.0
Close1591.TWO,62,47.0
Low1260.HK,62,47.0
Open8423.TWO,62,47.0
Open1591.TWO,62,47.0
CloseLCUAF,61,46.2
Close1210.HK,61,46.2
Low1210.HK,61,46.2
High1210.HK,61,46.2
ClosePRL.SG,61,46.2
OpenPRL.SG,61,46.2
LowPRL.SG,61,46.2
OpenLCUAF,61,46.2
LowLCUAF,61,46.2
HighLCUAF,61,46.2
Open1210.HK,61,46.2
HighPRL.SG,61,46.2
LowLKM.MU,61,46.2
CloseLKM.MU,61,46.2
OpenS2N.F,61,46.2
LowS2N.F,61,46.2
HighS2N.F,61,46.2
CloseS2N.F,61,46.2
HighLKM.MU,61,46.2
OpenLKM.MU,61,46.2
Low1312.HK,60,45.5
High1312.HK,60,45.5
Open8LP.F,60,45.5
CloseLGRVF,60,45.5
OpenLGRVF,60,45.5
LowLGRVF,60,45.5
HighLGRVF,60,45.5
Close1312.HK,60,45.5
Close8LP.F,60,45.5
Open1312.HK,60,45.5
High6830.HK,60,45.5
Open6830.HK,60,45.5
Low6830.HK,60,45.5
Close6830.HK,60,45.5
Low8LP.F,60,45.5
High8LP.F,60,45.5
Close1252.HK,59,44.7
Low233.F,59,44.7
High233.F,59,44.7
Close1251.HK,59,44.7
High1252.HK,59,44.7
Low1252.HK,59,44.7
Open1252.HK,59,44.7
Low2133.HK,59,44.7
Open2133.HK,59,44.7
CloseKZOS.ME,59,44.7
Open1251.HK,59,44.7
Open8246.HK,59,44.7
Low8246.HK,59,44.7
High8246.HK,59,44.7
Close2133.HK,59,44.7
Open233.F,59,44.7
Close29X.F,59,44.7
Low1251.HK,59,44.7
Open29X.F,59,44.7
Low29X.F,59,44.7
High29X.F,59,44.7
Close2924.TWO,59,44.7
Close5215.TW,59,44.7
Open5215.TW,59,44.7
Open2924.TWO,59,44.7
OpenKZOS.ME,59,44.7
LowKZOS.ME,59,44.7
HighKZOS.ME,59,44.7
Close8246.HK,59,44.7
Low2924.TWO,59,44.7
High2924.TWO,59,44.7
High0LT.F,59,44.7
Low0LT.F,59,44.7
Open0LT.F,59,44.7
Close0LT.F,59,44.7
Close233.F,59,44.7
High1251.HK,59,44.7
High2133.HK,59,44.7
HighMSK.F,59,44.7
HighLCM.F,59,44.7
Low8426.TWO,59,44.7
Open8426.TWO,59,44.7
Close8426.TWO,59,44.7
High8427.TW,59,44.7
CloseMSK.F,59,44.7
Low8427.TW,59,44.7
Close1023.HK,59,44.7
OpenMSK.F,59,44.7
Open8427.TW,59,44.7
Close8427.TW,59,44.7
Close6BA.F,59,44.7
Open6BA.F,59,44.7
Low6BA.F,59,44.7
High6BA.F,59,44.7
High6880.HK,59,44.7
High8426.TWO,59,44.7
LowLCM.F,59,44.7
High1023.HK,59,44.7
CloseLCM.F,59,44.7
Close6880.HK,59,44.7
Low5215.TW,59,44.7
High5215.TW,59,44.7
Open1023.HK,59,44.7
Low1023.HK,59,44.7
LowMSK.F,59,44.7
Open6880.HK,59,44.7
OpenLCM.F,59,44.7
Low6880.HK,59,44.7
Close1239.HK,58,43.9
LowSHVFL.BO,58,43.9
HighSHVFL.BO,58,43.9
High1239.HK,58,43.9
Low1239.HK,58,43.9
Open1239.HK,58,43.9
OpenSHVFL.BO,58,43.9
OpenLBMB.BE,58,43.9
CloseSHVFL.BO,58,43.9
Close1269.HK,58,43.9
CloseLATIMMETAL.BO,58,43.9
HighLBMB.BE,58,43.9
LowLBMB.BE,58,43.9
OpenLATIMMETAL.BO,58,43.9
LowLATIMMETAL.BO,58,43.9
HighLATIMMETAL.BO,58,43.9
Open1269.HK,58,43.9
CloseLBMB.BE,58,43.9
Low1269.HK,58,43.9
High1269.HK,58,43.9
Close4144.TW,57,43.2
Close2M7C.F,57,43.2
Open2M7C.F,57,43.2
Open4144.TW,57,43.2
High4144.TW,57,43.2
Close8020.HK,57,43.2
Low2M7C.F,57,43.2
High2M7C.F,57,43.2
Open8020.HK,57,43.2
CloseLESHAIND.BO,57,43.2
OpenLESHAIND.BO,57,43.2
LowLESHAIND.BO,57,43.2
HighLESHAIND.BO,57,43.2
High8020.HK,57,43.2
HighOLJ.BE,57,43.2
LowOLJ.BE,57,43.2
OpenOLJ.BE,57,43.2
CloseOLJ.BE,57,43.2
Low8020.HK,57,43.2
Low4144.TW,57,43.2
Low1096.HK,56,42.4
High1096.HK,56,42.4
CloseSOUTLAT.BO,56,42.4
Open4966.TWO,56,42.4
OpenBROOKS.BO,56,42.4
LowBROOKS.BO,56,42.4
HighBROOKS.BO,56,42.4
LowSOUTLAT.BO,56,42.4
OpenSOUTLAT.BO,56,42.4
HighSOUTLAT.BO,56,42.4
High4966.TWO,56,42.4
Low4966.TWO,56,42.4
CloseBROOKS.BO,56,42.4
Close4966.TWO,56,42.4
Open1096.HK,56,42.4
Close1096.HK,56,42.4
LowSO4.L,55,41.7
CloseSO4.L,55,41.7
OpenSO4.L,55,41.7
HighSO4.L,55,41.7
Low8179.HK,54,40.9
High6838.HK,54,40.9
Close4935.TW,54,40.9
Open4935.TW,54,40.9
Low6838.HK,54,40.9
Open6838.HK,54,40.9
High1355.HK,54,40.9
Low1355.HK,54,40.9
Open1355.HK,54,40.9
Close1355.HK,54,40.9
HighKV7.BE,54,40.9
LowKV7.BE,54,40.9
OpenKV7.BE,54,40.9
CloseKV7.BE,54,40.9
HighKV7.F,54,40.9
High8179.HK,54,40.9
CloseKV7.F,54,40.9
Low4935.TW,54,40.9
High031430.KS,54,40.9
High2098.HK,54,40.9
Low2098.HK,54,40.9
Open2098.HK,54,40.9
Close2098.HK,54,40.9
High4935.TW,54,40.9
Close6838.HK,54,40.9
Close031430.KS,54,40.9
Open031430.KS,54,40.9
Low031430.KS,54,40.9
Close8179.HK,54,40.9
Open8179.HK,54,40.9
OpenKV7.F,54,40.9
LowKV7.F,54,40.9
LowCOLOR.BK,53,40.2
HighCOLOR.BK,53,40.2
CloseSYMPHONY.NS,53,40.2
Open1241.HK,53,40.2
Low1241.HK,53,40.2
High1241.HK,53,40.2
OpenSYMPHONY.NS,53,40.2
Close1241.HK,53,40.2
HighSYMPHONY.NS,53,40.2
High053210.KS,53,40.2
LowSYMPHONY.NS,53,40.2
OpenCOLOR.BK,53,40.2
Close053210.KS,53,40.2
CloseCOLOR.BK,53,40.2
Open053210.KS,53,40.2
Low053210.KS,53,40.2
Open8WY.F,52,39.4
High8132.HK,52,39.4
Low8132.HK,52,39.4
Low8WY.F,52,39.4
Close8WY.F,52,39.4
Open4912.TW,52,39.4
CloseLE7.F,52,39.4
High8WY.F,52,39.4
Low4912.TW,52,39.4
Open8132.HK,52,39.4
CloseL1CC.F,52,39.4
OpenL1CC.F,52,39.4
OpenLMP.F,52,39.4
LowL1CC.F,52,39.4
OpenLGR.F,52,39.4
High599A.F,52,39.4
High2083.HK,52,39.4
Low2083.HK,52,39.4
Open2083.HK,52,39.4
Close2083.HK,52,39.4
CloseLGR.F,52,39.4
LowLGR.F,52,39.4
HighL1CC.F,52,39.4
HighLGR.F,52,39.4
HighLMP.F,52,39.4
LowLMP.F,52,39.4
LowLE7.F,52,39.4
CloseLMP.F,52,39.4
Close8132.HK,52,39.4
OpenLE7.F,52,39.4
High4912.TW,52,39.4
HighLP1.F,52,39.4
CloseLAV.F,52,39.4
HighRLF.MU,52,39.4
LowRLF.MU,52,39.4
OpenRLF.MU,52,39.4
CloseLP1.F,52,39.4
OpenLP1.F,52,39.4
CloseK20A.F,52,39.4
CloseLB7.F,52,39.4
OpenLB7.F,52,39.4
LowLB7.F,52,39.4
HighLB7.F,52,39.4
LowLP1.F,52,39.4
OpenK20A.F,52,39.4
HighLAV.F,52,39.4
Low599A.F,52,39.4
OpenLAV.F,52,39.4
LowLAV.F,52,39.4
HighLE7.F,52,39.4
HighK20A.F,52,39.4
CloseRLF.MU,52,39.4
LowK20A.F,52,39.4
Close599A.F,52,39.4
Open599A.F,52,39.4
Close4912.TW,52,39.4
OpenPOFCY,51,38.6
Close1011.HK,51,38.6
ClosePOFCY,51,38.6
High1011.HK,51,38.6
Open1011.HK,51,38.6
LowPOFCY,51,38.6
HighPOFCY,51,38.6
Low1011.HK,51,38.6
Low8098.HK,50,37.9
CloseLOVABLE.BO,50,37.9
OpenLOVABLE.BO,50,37.9
HighW1D.F,50,37.9
LowLOVABLE.BO,50,37.9
HighLOVABLE.BO,50,37.9
High1380.HK,50,37.9
Low1380.HK,50,37.9
Open1380.HK,50,37.9
LowW1D.F,50,37.9
High8098.HK,50,37.9
OpenW1D.F,50,37.9
Open8098.HK,50,37.9
CloseW1D.F,50,37.9
Low4DT.F,50,37.9
Open4DT.F,50,37.9
Close4DT.F,50,37.9
High4DT.F,50,37.9
Close1380.HK,50,37.9
Close8098.HK,50,37.9
Close1235.HK,49,37.1
Open8087.HK,49,37.1
High8087.HK,49,37.1
Open1235.HK,49,37.1
Low1235.HK,49,37.1
High1235.HK,49,37.1
Close8087.HK,49,37.1
Low8087.HK,49,37.1
Close2222.HK,48,36.4
High2222.HK,48,36.4
Open2222.HK,48,36.4
Low2222.HK,48,36.4
Open1121.HK,48,36.4
Low1121.HK,48,36.4
Low1089.HK,48,36.4
Close1121.HK,48,36.4
Open1089.HK,48,36.4
Close1089.HK,48,36.4
High1121.HK,48,36.4
Close131370.KQ,48,36.4
Open131370.KQ,48,36.4
Low131370.KQ,48,36.4
High131370.KQ,48,36.4
High1089.HK,48,36.4
Low1090.HK,47,35.6
CloseMOIL.NS,47,35.6
OpenMOIL.NS,47,35.6
LowMOIL.NS,47,35.6
HighMOIL.NS,47,35.6
High1090.HK,47,35.6
Open1728.HK,47,35.6
Close1090.HK,47,35.6
CloseLXI.F,47,35.6
Close1282.HK,47,35.6
Open1282.HK,47,35.6
Low1282.HK,47,35.6
High1282.HK,47,35.6
OpenLXI.F,47,35.6
LowLXI.F,47,35.6
HighLXI.F,47,35.6
CloseLASLY,47,35.6
OpenLASLY,47,35.6
LowLASLY,47,35.6
Open1090.HK,47,35.6
HighLASLY,47,35.6
High1728.HK,47,35.6
Low1728.HK,47,35.6
Close1728.HK,47,35.6
Low0842.HK,46,34.8
HighSYMC.BK,46,34.8
LowSYMC.BK,46,34.8
Close1086.HK,46,34.8
LowLTV.V,46,34.8
High0842.HK,46,34.8
CloseLTV.V,46,34.8
HighLTV.V,46,34.8
OpenGRAVITA.NS,46,34.8
OpenSYMC.BK,46,34.8
LowGRAVITA.NS,46,34.8
HighGRAVITA.NS,46,34.8
High1117.HK,46,34.8
Low1117.HK,46,34.8
Open1117.HK,46,34.8
Close1117.HK,46,34.8
High111870.KQ,46,34.8
Low111870.KQ,46,34.8
CloseSYMC.BK,46,34.8
Close111870.KQ,46,34.8
Open0842.HK,46,34.8
OpenLTV.V,46,34.8
CloseGRAVITA.NS,46,34.8
High0LT.BE,46,34.8
High1086.HK,46,34.8
Low1086.HK,46,34.8
Open1086.HK,46,34.8
Close0LT.BE,46,34.8
Open0LT.BE,46,34.8
HighS7F1.F,46,34.8
Low0LT.BE,46,34.8
Open111870.KQ,46,34.8
LowS7F1.F,46,34.8
OpenS7F1.F,46,34.8
CloseS7F1.F,46,34.8
Close0842.HK,46,34.8
Close123840.KQ,45,34.1
HighSOMNF,45,34.1
OpenMAHMF,45,34.1
CloseMAHMF,45,34.1
LowMEOBF,45,34.1
OpenMEOBF,45,34.1
HighKURRY,45,34.1
Close0580.HK,45,34.1
Open0580.HK,45,34.1
Low0580.HK,45,34.1
LowSOMNF,45,34.1
HighLPMDF,45,34.1
OpenKURRY,45,34.1
CloseMEOBF,45,34.1
Low123840.KQ,45,34.1
CloseKURRY,45,34.1
High0580.HK,45,34.1
CloseLPMDF,45,34.1
LowSVLKF,45,34.1
OpenSOMNF,45,34.1
LowKURRY,45,34.1
HighSVLKF,45,34.1
OpenLPMDF,45,34.1
Open123840.KQ,45,34.1
OpenSVLKF,45,34.1
Low3683.HK,45,34.1
Low29X.MU,45,34.1
High123840.KQ,45,34.1
High3683.HK,45,34.1
LowMAHMF,45,34.1
Open3683.HK,45,34.1
Close3683.HK,45,34.1
CloseSOMNF,45,34.1
Open29X.MU,45,34.1
Close29X.MU,45,34.1
LowLPMDF,45,34.1
High29X.MU,45,34.1
Close29X.BE,45,34.1
Open29X.BE,45,34.1
Low29X.BE,45,34.1
High29X.BE,45,34.1
HighMEOBF,45,34.1
HighMAHMF,45,34.1
CloseSVLKF,45,34.1
HighLRS.AX,44,33.3
CloseLRS.AX,44,33.3
OpenE5Y1.SG,44,33.3
LowE5Y1.SG,44,33.3
OpenLRS.AX,44,33.3
LowLRS.AX,44,33.3
HighE5Y1.SG,44,33.3
CloseMSK.BE,44,33.3
OpenMSK.BE,44,33.3
LowMSK.BE,44,33.3
Close8127.TWO,44,33.3
CloseE5Y1.SG,44,33.3
CloseLFBCF,44,33.3
OpenLFBCF,44,33.3
LowLFBCF,44,33.3
HighLFBCF,44,33.3
Open8127.TWO,44,33.3
Low8127.TWO,44,33.3
High8127.TWO,44,33.3
HighMSK.BE,44,33.3
OpenTTLPF.BK,43,32.6
LowTTLPF.BK,43,32.6
OpenLMP.BE,43,32.6
Low3ND.SG,43,32.6
HighLCR.SG,43,32.6
Open3ND.SG,43,32.6
Close0BX.BE,43,32.6
Open0BX.BE,43,32.6
Low0BX.BE,43,32.6
High0BX.BE,43,32.6
CloseLFIC.NS,43,32.6
OpenLFIC.NS,43,32.6
LowLFIC.NS,43,32.6
HighLFIC.NS,43,32.6
LowLMP.BE,43,32.6
HighLMP.BE,43,32.6
Close1428.HK,43,32.6
Open1428.HK,43,32.6
Low1428.HK,43,32.6
High3ND.SG,43,32.6
High1428.HK,43,32.6
Close3ND.SG,43,32.6
CloseLMP.BE,43,32.6
High0640.HK,43,32.6
Low0640.HK,43,32.6
Open0640.HK,43,32.6
Close0640.HK,43,32.6
CloseTTLPF.BK,43,32.6
HighTTLPF.BK,43,32.6
CloseLCR.SG,43,32.6
OpenLCR.SG,43,32.6
LowLCR.SG,43,32.6
High106190.KQ,42,31.8
Close106190.KQ,42,31.8
Open106190.KQ,42,31.8
Low106190.KQ,42,31.8
OpenF38.SG,42,31.8
CloseF38.SG,42,31.8
OpenCOA1.F,42,31.8
CloseCOA1.F,42,31.8
LowF38.SG,42,31.8
HighF38.SG,42,31.8
HighCOA1.F,42,31.8
LowCOA1.F,42,31.8
HighSRLZF,41,31.1
OpenLLI.BE,41,31.1
LowLLI.BE,41,31.1
HighLLI.BE,41,31.1
CloseSRLZF,41,31.1
CloseLLI.BE,41,31.1
OpenSRLZF,41,31.1
LowSRLZF,41,31.1
CloseKY6.SG,40,30.3
CloseW0I.F,40,30.3
High4SL.SG,40,30.3
Low4SL.SG,40,30.3
Open4SL.SG,40,30.3
Close4SL.SG,40,30.3
OpenKY6.SG,40,30.3
LowW0I.F,40,30.3
LowKY6.SG,40,30.3
OpenW0I.F,40,30.3
HighKY6.SG,40,30.3
HighW0I.F,40,30.3
High2188.HK,40,30.3
Low2188.HK,40,30.3
CloseUTSI.MX,40,30.3
OpenLLI.SG,40,30.3
LowLLI.SG,40,30.3
Close2188.HK,40,30.3
CloseLLI.SG,40,30.3
LowUTSI.MX,40,30.3
HighLLI.SG,40,30.3
OpenUTSI.MX,40,30.3
HighUTSI.MX,40,30.3
Open2188.HK,40,30.3
CloseUPMKF,39,29.5
CloseCOA1.MU,39,29.5
HighTTRAF,39,29.5
HighUPMKF,39,29.5
CloseUNTTEMI.BO,39,29.5
HighCOA1.MU,39,29.5
LowCOA1.MU,39,29.5
LowUPMKF,39,29.5
OpenCOA1.MU,39,29.5
OpenUPMKF,39,29.5
OpenTTRAF,39,29.5
LowTTRAF,39,29.5
LowUNTTEMI.BO,39,29.5
OpenUNTTEMI.BO,39,29.5
CloseTTRAF,39,29.5
CloseLIMAF,39,29.5
OpenLIMAF,39,29.5
LowLIMAF,39,29.5
HighLIMAF,39,29.5
HighLEGX,39,29.5
LowLEGX,39,29.5
CloseLEGX,39,29.5
HighUNTTEMI.BO,39,29.5
OpenLEGX,39,29.5
CloseMDSMF,38,28.8
OpenMDSMF,38,28.8
HighLKOH.ME,38,28.8
LowLKOH.ME,38,28.8
OpenLKOH.ME,38,28.8
CloseLKOH.ME,38,28.8
LowMDSMF,38,28.8
HighMDSMF,38,28.8
HighLA8N.F,37,28.0
OpenLA8N.F,37,28.0
OpenLFDEF,37,28.0
LowLFDEF,37,28.0
HighLFDEF,37,28.0
CloseLDE.F,37,28.0
CloseLA8N.F,37,28.0
Close0953.HK,37,28.0
OpenLDE.F,37,28.0
LowLDE.F,37,28.0
HighLDE.F,37,28.0
CloseLFDEF,37,28.0
Open0953.HK,37,28.0
LowLA8N.F,37,28.0
Low0953.HK,37,28.0
High0953.HK,37,28.0
Close1966.HK,37,28.0
Open1966.HK,37,28.0
Low1966.HK,37,28.0
High1966.HK,37,28.0
High3IY.F,37,28.0
Low3IY.F,37,28.0
Open3IY.F,37,28.0
Close3IY.F,37,28.0
OpenLGSXY,36,27.3
LowLGSXY,36,27.3
LowKUNUF,36,27.3
LowLYSDY,36,27.3
HighLGSXY,36,27.3
HighLYSDY,36,27.3
OpenLYSDY,36,27.3
CloseLYSDY,36,27.3
HighKUNUF,36,27.3
HighOVCHY,36,27.3
LowOVCHY,36,27.3
OpenOVCHY,36,27.3
HighLEN.MX,36,27.3
LowLEN.MX,36,27.3
OpenLEN.MX,36,27.3
CloseLGSXY,36,27.3
CloseLEN.MX,36,27.3
HighKWALITY.NS,36,27.3
OpenKWALITY.NS,36,27.3
OpenLCSHF,36,27.3
LowKWALITY.NS,36,27.3
LowLCSHF,36,27.3
HighLCSHF,36,27.3
CloseOVCHY,36,27.3
CloseLCSHF,36,27.3
CloseKWALITY.NS,36,27.3
CloseKUNUF,36,27.3
OpenKUNUF,36,27.3
OpenLP1.DU,35,26.5
Open0947.HK,35,26.5
OpenPRL.DU,35,26.5
ClosePRL.DU,35,26.5
Low0947.HK,35,26.5
LowPRL.DU,35,26.5
OpenLAB.DU,35,26.5
CloseLP1.DU,35,26.5
High0947.HK,35,26.5
High1822.HK,35,26.5
OpenLN3.DU,35,26.5
Close900070.KQ,35,26.5
Low1822.HK,35,26.5
Open1822.HK,35,26.5
CloseLJ2.DU,35,26.5
OpenLJ2.DU,35,26.5
HighPRL.DU,35,26.5
CloseLN3.DU,35,26.5
OpenLTUM,35,26.5
LowLN3.DU,35,26.5
HighLN3.DU,35,26.5
Close104460.KQ,35,26.5
Open104460.KQ,35,26.5
HighLP1.DU,35,26.5
High599A.MU,35,26.5
Low599A.MU,35,26.5
Open599A.MU,35,26.5
Low104460.KQ,35,26.5
Close599A.MU,35,26.5
High104460.KQ,35,26.5
Close0947.HK,35,26.5
CloseLTUM,35,26.5
LowLAB.DU,35,26.5
LowLTUM,35,26.5
HighLTUM,35,26.5
LowLP1.DU,35,26.5
LowLJ2.DU,35,26.5
Open900070.KQ,35,26.5
Low900070.KQ,35,26.5
HighLCO.DU,35,26.5
HighLAB.DU,35,26.5
CloseLAB.DU,35,26.5
Open114450.KQ,35,26.5
Low114450.KQ,35,26.5
High900070.KQ,35,26.5
HighTHANA.BK,35,26.5
LowTHANA.BK,35,26.5
OpenTHANA.BK,35,26.5
CloseTHANA.BK,35,26.5
CloseLCO.DU,35,26.5
OpenLCO.DU,35,26.5
LowLCO.DU,35,26.5
Close114450.KQ,35,26.5
High114450.KQ,35,26.5
Close1822.HK,35,26.5
HighLJ2.DU,35,26.5
Close0960.HK,34,25.8
Open0960.HK,34,25.8
Close3CAA.F,34,25.8
Open3CAA.F,34,25.8
Low3CAA.F,34,25.8
High3CAA.F,34,25.8
High0960.HK,34,25.8
Low0960.HK,34,25.8
HighOROCF,33,25.0
LowOROCF,33,25.0
Close8WY.MU,33,25.0
Open8WY.BE,33,25.0
Low1069.HK,33,25.0
High1069.HK,33,25.0
Low8WY.BE,33,25.0
OpenOROCF,33,25.0
Open1069.HK,33,25.0
Close1069.HK,33,25.0
CloseOROCF,33,25.0
Low0893.HK,33,25.0
Close0712.HK,33,25.0
Open0712.HK,33,25.0
Low0712.HK,33,25.0
Close0893.HK,33,25.0
Open0893.HK,33,25.0
High0893.HK,33,25.0
Open8WY.MU,33,25.0
High8WY.BE,33,25.0
Low8WY.MU,33,25.0
High8WY.MU,33,25.0
High0712.HK,33,25.0
Close8WY.BE,33,25.0
High0633.HK,32,24.2
HighPARNAXLAB.BO,32,24.2
Close0633.HK,32,24.2
Low0633.HK,32,24.2
LowPARNAXLAB.BO,32,24.2
OpenPARNAXLAB.BO,32,24.2
Open0633.HK,32,24.2
ClosePARNAXLAB.BO,32,24.2
HighLAB.MU,31,23.5
LowLAB.MU,31,23.5
OpenLAB.MU,31,23.5
Close8325.HK,31,23.5
High8325.HK,31,23.5
Low8325.HK,31,23.5
CloseLAB.MU,31,23.5
Open8325.HK,31,23.5
Low6BK.MU,30,22.7
High36L.F,30,22.7
Open0090.HK,30,22.7
Low36L.F,30,22.7
Open36L.F,30,22.7
Close36L.F,30,22.7
Low0090.HK,30,22.7
Close6BK.MU,30,22.7
Open6BK.MU,30,22.7
High6BK.MU,30,22.7
High0090.HK,30,22.7
Close0090.HK,30,22.7
Low053690.KS,29,22.0
Open053690.KS,29,22.0
Close053690.KS,29,22.0
HighLECBF,29,22.0
High028100.KS,29,22.0
OpenLECBF,29,22.0
CloseLECBF,29,22.0
LowLVS.MX,29,22.0
Close028100.KS,29,22.0
Close033660.KS,29,22.0
Open033660.KS,29,22.0
HighLVS.MX,29,22.0
Low033660.KS,29,22.0
OpenLVS.MX,29,22.0
High033660.KS,29,22.0
CloseLVS.MX,29,22.0
High053690.KS,29,22.0
HighTTCL.BK,29,22.0
LowLECBF,29,22.0
HighL51.BE,29,22.0
OpenL51.BE,29,22.0
OpenTTCL.BK,29,22.0
OpenL3R.BE,29,22.0
LowL3R.BE,29,22.0
HighL3R.BE,29,22.0
CloseTTCL.BK,29,22.0
LowL51.BE,29,22.0
Low028100.KS,29,22.0
CloseL3R.BE,29,22.0
Open028100.KS,29,22.0
LowTTCL.BK,29,22.0
CloseL51.BE,29,22.0
High3CAA.BE,28,21.2
Open9Z1.F,28,21.2
Close9Z1.F,28,21.2
CloseLLC.F,28,21.2
Close3CAA.BE,28,21.2
OpenLLC.F,28,21.2
OpenLLC.BE,28,21.2
High9Z1.F,28,21.2
HighLLC.BE,28,21.2
HighLLC.F,28,21.2
Open3CAA.BE,28,21.2
LowLLC.BE,28,21.2
Low3CAA.BE,28,21.2
Low9Z1.F,28,21.2
CloseLLC.BE,28,21.2
LowLLC.F,28,21.2
OpenSGG.F,27,20.5
LowSGG.F,27,20.5
LowKWGBF,27,20.5
CloseKWGBF,27,20.5
OpenKWGBF,27,20.5
HighKWGBF,27,20.5
CloseSGG.F,27,20.5
CloseSXC.F,27,20.5
LowSXC.F,27,20.5
HighSGG.F,27,20.5
OpenSXC.F,27,20.5
HighSXC.F,27,20.5
HighPCRTF,27,20.5
OpenPCRTF,27,20.5
ClosePCRTF,27,20.5
LowPCRTF,27,20.5
Open101400.KQ,26,19.7
Low0841.HK,26,19.7
HighKTF.HM,26,19.7
High0841.HK,26,19.7
LowLT5.F,26,19.7
OpenLT5.F,26,19.7
High101400.KQ,26,19.7
CloseLT5.F,26,19.7
CloseLEBEK.AT,26,19.7
LowKTF.HM,26,19.7
OpenKTF.HM,26,19.7
OpenLEBEK.AT,26,19.7
Low101400.KQ,26,19.7
HighLT5.F,26,19.7
Close101400.KQ,26,19.7
Close0841.HK,26,19.7
HighLEBEK.AT,26,19.7
LowLEBEK.AT,26,19.7
Open0841.HK,26,19.7
CloseKTF.HM,26,19.7
CloseSPSTF,25,18.9
LowP5IB.BE,25,18.9
LowNCMGF,25,18.9
OpenSPSTF,25,18.9
Close0690.HK,25,18.9
LowSPSTF,25,18.9
HighSPSTF,25,18.9
HighNCMGF,25,18.9
OpenNCMGF,25,18.9
CloseNCMGF,25,18.9
Open0690.HK,25,18.9
Low0690.HK,25,18.9
High0690.HK,25,18.9
HighP5IB.BE,25,18.9
LowPCWLF,25,18.9
OpenP5IB.BE,25,18.9
OpenPCWLF,25,18.9
HighPCWLF,25,18.9
CloseP5IB.BE,25,18.9
ClosePCWLF,25,18.9
CloseLNVGF,25,18.9
OpenLNVGF,25,18.9
LowLNVGF,25,18.9
High2339.HK,25,18.9
Low2339.HK,25,18.9
HighLNVGF,25,18.9
Open2339.HK,25,18.9
Close2339.HK,25,18.9
LowSIOFFO.ST,24,18.2
HighSIOFFO.ST,24,18.2
HighRUM.V,24,18.2
OpenRUM.V,24,18.2
CloseRUM.V,24,18.2
LowRUM.V,24,18.2
OpenSIOFFO.ST,24,18.2
CloseSIOFFO.ST,24,18.2
LowKUT.V,24,18.2
OpenKUT.V,24,18.2
HighKUT.V,24,18.2
CloseKUT.V,24,18.2
High3CAA.SG,23,17.4
Low3CAA.SG,23,17.4
OpenC4S1.BE,23,17.4
Open3CAA.SG,23,17.4
HighC4S1.BE,23,17.4
LowC4S1.BE,23,17.4
CloseC4S1.BE,23,17.4
Close3CAA.SG,23,17.4
OpenG8L.BE,22,16.7
CloseLMDCF,22,16.7
LowLMDCF,22,16.7
High1752.TWO,22,16.7
Close1752.TWO,22,16.7
Open1752.TWO,22,16.7
Low1752.TWO,22,16.7
OpenLMDCF,22,16.7
Open4P7.F,22,16.7
HighLMDCF,22,16.7
OpenLGNZZ,22,16.7
HighG8L.BE,22,16.7
HighLAV.BE,22,16.7
LowLAV.BE,22,16.7
OpenLAV.BE,22,16.7
CloseLAV.BE,22,16.7
High4HQ.BE,22,16.7
Low4HQ.BE,22,16.7
CloseG8L.BE,22,16.7
CloseLGNZZ,22,16.7
LowTC2A.DU,22,16.7
OpenTC2A.DU,22,16.7
CloseTC2A.DU,22,16.7
LowLGNZZ,22,16.7
Close4P7.F,22,16.7
HighLGNZZ,22,16.7
HighKWY1.F,22,16.7
LowKWY1.F,22,16.7
OpenKWY1.F,22,16.7
CloseKWY1.F,22,16.7
HighTC2A.DU,22,16.7
Open4HQ.BE,22,16.7
Close4HQ.BE,22,16.7
High4P7.F,22,16.7
Low4P7.F,22,16.7
LowG8L.BE,22,16.7
Open0189.HK,21,15.9
Close0189.HK,21,15.9
CloseLT5.SG,21,15.9
High4HB.F,21,15.9
OpenLGDN.BE,21,15.9
CloseKWG.CN,21,15.9
HighLT5.SG,21,15.9
LowLT5.SG,21,15.9
LowKWG.CN,21,15.9
HighKWG.CN,21,15.9
OpenLT5.SG,21,15.9
Low4HB.F,21,15.9
Open4HB.F,21,15.9
Close4HB.F,21,15.9
Close2030.HK,21,15.9
Open2030.HK,21,15.9
Low2030.HK,21,15.9
CloseLGDN.BE,21,15.9
High2030.HK,21,15.9
CloseNEULANDLAB.NS,21,15.9
LowLGDN.BE,21,15.9
OpenLET.SG,21,15.9
HighLET.SG,21,15.9
Low0189.HK,21,15.9
High0189.HK,21,15.9
HighNEULANDLAB.NS,21,15.9
LowNEULANDLAB.NS,21,15.9
LowLET.SG,21,15.9
CloseLET.SG,21,15.9
OpenNEULANDLAB.NS,21,15.9
HighLGDN.BE,21,15.9
OpenKWG.CN,21,15.9
OpenLR6B.F,20,15.2
HighRV6.SG,20,15.2
LowLR6B.F,20,15.2
OpenRV6.SG,20,15.2
CloseRV6.SG,20,15.2
CloseT77.BE,20,15.2
HighLR6B.F,20,15.2
HighT77.BE,20,15.2
CloseLR6B.F,20,15.2
LowLTT.SG,20,15.2
OpenT77.BE,20,15.2
HighLTT.SG,20,15.2
High098120.KQ,20,15.2
Low098120.KQ,20,15.2
Open098120.KQ,20,15.2
Close098120.KQ,20,15.2
Close4SL.BE,20,15.2
Open4SL.BE,20,15.2
Low4SL.BE,20,15.2
High4SL.BE,20,15.2
OpenLTT.SG,20,15.2
CloseLTT.SG,20,15.2
LowT77.BE,20,15.2
LowRV6.SG,20,15.2
Open016670.KQ,19,14.4
High016670.KQ,19,14.4
Low016670.KQ,19,14.4
Close016670.KQ,19,14.4
Close58U.BE,19,14.4
CloseLA5.SG,19,14.4
Open58U.BE,19,14.4
Low58U.BE,19,14.4
High58U.BE,19,14.4
OpenLA5.SG,19,14.4
HighLA5.SG,19,14.4
LowLA5.SG,19,14.4
CloseLT5.BE,18,13.6
OpenLT5.BE,18,13.6
CloseC8T.F,18,13.6
LowLT5.BE,18,13.6
HighSSW.F,18,13.6
LowSSW.F,18,13.6
OpenSSW.F,18,13.6
CloseSSW.F,18,13.6
HighLT5.BE,18,13.6
OpenC8T.F,18,13.6
HighC8T.F,18,13.6
High017180.KS,18,13.6
Low017180.KS,18,13.6
Open017180.KS,18,13.6
Close017180.KS,18,13.6
LowC8T.F,18,13.6
High1368.HK,17,12.9
HighCOA1.BE,17,12.9
LowRPGLIFE.NS,17,12.9
Low1368.HK,17,12.9
Open1368.HK,17,12.9
Close1368.HK,17,12.9
LowCOA1.BE,17,12.9
CloseRPGLIFE.NS,17,12.9
OpenRPGLIFE.NS,17,12.9
Close34T1.F,17,12.9
LowSLFPF,17,12.9
OpenSLFPF,17,12.9
High098460.KQ,17,12.9
Low098460.KQ,17,12.9
Open098460.KQ,17,12.9
Close098460.KQ,17,12.9
Open34T1.F,17,12.9
CloseTC2A.BE,17,12.9
Low34T1.F,17,12.9
High34T1.F,17,12.9
HighRPGLIFE.NS,17,12.9
HighTC2A.BE,17,12.9
LowTC2A.BE,17,12.9
OpenTC2A.BE,17,12.9
OpenCOA1.BE,17,12.9
CloseTLA.MU,17,12.9
OpenPOFCF,17,12.9
HighPOFCF,17,12.9
CloseLTOUF,17,12.9
OpenLTOUF,17,12.9
LowLTOUF,17,12.9
CloseLJ2.BE,17,12.9
OpenLJ2.BE,17,12.9
LowLJ2.BE,17,12.9
HighLJ2.BE,17,12.9
HighLTOUF,17,12.9
ClosePOFCF,17,12.9
LowPOFCF,17,12.9
HighSLFPF,17,12.9
CloseTKPHF,17,12.9
HighTLA.MU,17,12.9
CloseSLFPF,17,12.9
OpenTKPHF,17,12.9
OpenTLA.MU,17,12.9
LowTLA.MU,17,12.9
CloseCOA1.BE,17,12.9
HighTKPHF,17,12.9
LowTKPHF,17,12.9
OpenTTKOM.IS,16,12.1
OpenLEC.DU,16,12.1
OpenPHUP.BE,16,12.1
LowPHUP.BE,16,12.1
Open0743.HK,16,12.1
LowLEC.DU,16,12.1
ClosePHUP.BE,16,12.1
CloseTTKOM.IS,16,12.1
CloseLAR.HM,16,12.1
OpenLAR.HM,16,12.1
LowLAR.HM,16,12.1
HighLAR.HM,16,12.1
LowTTKOM.IS,16,12.1
Close0743.HK,16,12.1
CloseLEC.DU,16,12.1
OpenLGBBROSLTD.NS,16,12.1
Low0743.HK,16,12.1
HighLMP.MU,16,12.1
LowLMP.MU,16,12.1
OpenLMP.MU,16,12.1
CloseLMP.MU,16,12.1
Close8340.HK,16,12.1
Open8340.HK,16,12.1
Low8340.HK,16,12.1
High0743.HK,16,12.1
High8340.HK,16,12.1
CloseLGBBROSLTD.NS,16,12.1
HighLEC.DU,16,12.1
LowLGBBROSLTD.NS,16,12.1
HighPHUP.BE,16,12.1
HighTTKOM.IS,16,12.1
HighLGBBROSLTD.NS,16,12.1
Open097870.KQ,15,11.4
OpenTLA.BE,15,11.4
CloseTLA.BE,15,11.4
HighLLD.HA,15,11.4
LowLLD.HA,15,11.4
CloseLLD.HA,15,11.4
HighLLIS3.SA,15,11.4
LowLLIS3.SA,15,11.4
OpenLLIS3.SA,15,11.4
HighUNJ.F,15,11.4
High097870.KQ,15,11.4
Low097870.KQ,15,11.4
HighSXC.BE,15,11.4
Close097870.KQ,15,11.4
LowLNLB.BE,15,11.4
LowSXC.BE,15,11.4
OpenSXC.BE,15,11.4
CloseLAR.SG,15,11.4
OpenLAR.SG,15,11.4
LowLAR.SG,15,11.4
HighLAR.SG,15,11.4
CloseLLIS3.SA,15,11.4
Low3FV.MU,15,11.4
Open3FV.MU,15,11.4
CloseSXC.BE,15,11.4
Close3FV.MU,15,11.4
LowTLA.BE,15,11.4
OpenLLD.HA,15,11.4
HighLE6N.F,15,11.4
HighLFY.MU,15,11.4
HighLGDN.F,15,11.4
LowLGDN.F,15,11.4
OpenLGDN.F,15,11.4
CloseLGDN.F,15,11.4
CloseLFY.MU,15,11.4
OpenLFY.MU,15,11.4
LowUNJ.F,15,11.4
OpenUNJ.F,15,11.4
CloseUNJ.F,15,11.4
CloseLE6N.F,15,11.4
OpenLE6N.F,15,11.4
LowLE6N.F,15,11.4
OpenLNLB.BE,15,11.4
LowLFY.MU,15,11.4
HighLNLB.BE,15,11.4
CloseLNLB.BE,15,11.4
HighTLA.BE,15,11.4
High3FV.MU,15,11.4
CloseTLA.F,14,10.6
LowE7F.BE,14,10.6
HighTLA.F,14,10.6
LowTLA.F,14,10.6
CloseE7F.BE,14,10.6
OpenE7F.BE,14,10.6
HighLE6N.BE,14,10.6
CloseSMSMY,14,10.6
CloseULC.SG,14,10.6
OpenLE6N.BE,14,10.6
OpenULC.SG,14,10.6
HighE7F.BE,14,10.6
LowULC.SG,14,10.6
LowLE6N.BE,14,10.6
CloseLCO.SG,14,10.6
OpenLCO.SG,14,10.6
LowLCO.SG,14,10.6
HighLCO.SG,14,10.6
OpenTLA.F,14,10.6
CloseLE6N.BE,14,10.6
HighSMSMY,14,10.6
LowSMSMY,14,10.6
OpenSMSMY,14,10.6
HighULC.SG,14,10.6
HighLXN.F,13,9.8
LowLXN.F,13,9.8
OpenLXN.F,13,9.8
HighC4S1.F,13,9.8
CloseLNN.SG,13,9.8
CloseKSB3.HM,13,9.8
High4SL.F,13,9.8
Low4SL.F,13,9.8
Open4SL.F,13,9.8
Close4SL.F,13,9.8
LowC4S1.F,13,9.8
OpenC4S1.F,13,9.8
CloseC4S1.F,13,9.8
HighKSB3.HM,13,9.8
OpenLNN.SG,13,9.8
OpenKSB3.HM,13,9.8
LowKSB3.HM,13,9.8
HighKYC.BE,13,9.8
LowKYC.BE,13,9.8
OpenKYC.BE,13,9.8
CloseKYC.BE,13,9.8
HighLGLG.BE,13,9.8
LowLGLG.BE,13,9.8
OpenLGLG.BE,13,9.8
CloseLGLG.BE,13,9.8
HighLNN.SG,13,9.8
LowLNN.SG,13,9.8
CloseLXN.F,13,9.8
HighTPQ.F,12,9.1
LowTPQ.F,12,9.1
OpenTPQ.F,12,9.1
CloseTPQ.F,12,9.1
HighKWZ2.SG,12,9.1
LowLACTOSE.BO,12,9.1
OpenLACTOSE.BO,12,9.1
HighVNL.L,12,9.1
LowLHK.BK,12,9.1
LowKUANTUM.BO,12,9.1
HighKUANTUM.BO,12,9.1
HighV4L.F,12,9.1
Low5206.TWO,12,9.1
HighLACTOSE.BO,12,9.1
CloseLACTOSE.BO,12,9.1
LowLIE.BE,12,9.1
High5206.TWO,12,9.1
Close3287.TWO,12,9.1
CloseLHK.BK,12,9.1
OpenLHK.BK,12,9.1
Open3287.TWO,12,9.1
Low3287.TWO,12,9.1
High3287.TWO,12,9.1
HighLIE.BE,12,9.1
OpenKUANTUM.BO,12,9.1
LowVNL.L,12,9.1
CloseLIE.BE,12,9.1
CloseV4L.F,12,9.1
CloseKUANTUM.BO,12,9.1
LowKWZ2.SG,12,9.1
OpenKWZ2.SG,12,9.1
CloseKWZ2.SG,12,9.1
OpenV4L.F,12,9.1
OpenVNL.L,12,9.1
LowV4L.F,12,9.1
HighLHK.BK,12,9.1
OpenLIE.BE,12,9.1
Close5206.TWO,12,9.1
Open5206.TWO,12,9.1
CloseVNL.L,12,9.1
OpenLGLG.SG,11,8.3
LowLGLG.SG,11,8.3
HighLGLG.SG,11,8.3
CloseLEO.SG,11,8.3
Close6207.TWO,11,8.3
OpenLEO.SG,11,8.3
LowLEO.SG,11,8.3
CloseLEI.SG,11,8.3
CloseLGLG.SG,11,8.3
HighLEO.SG,11,8.3
Open6207.TWO,11,8.3
Low5603.TWO,11,8.3
HighLKE.BE,11,8.3
Close5410.TWO,11,8.3
High5464.TWO,11,8.3
Low5464.TWO,11,8.3
Open5464.TWO,11,8.3
Close5464.TWO,11,8.3
High5603.TWO,11,8.3
Open5603.TWO,11,8.3
Low6207.TWO,11,8.3
Close5603.TWO,11,8.3
High5703.TWO,11,8.3
LowLEI.SG,11,8.3
Low5703.TWO,11,8.3
Open5703.TWO,11,8.3
Close5703.TWO,11,8.3
High6207.TWO,11,8.3
OpenLEI.SG,11,8.3
High084370.KQ,11,8.3
HighLEI.SG,11,8.3
LowKSW.SG,11,8.3
CloseKSW.SG,11,8.3
HighKU2.SG,11,8.3
LowKU2.SG,11,8.3
OpenKU2.SG,11,8.3
CloseKU2.SG,11,8.3
CloseKYC.SG,11,8.3
OpenKYC.SG,11,8.3
LowKYC.SG,11,8.3
HighKYC.SG,11,8.3
CloseKY6.BE,11,8.3
OpenKY6.BE,11,8.3
LowKY6.BE,11,8.3
HighKY6.BE,11,8.3
HighSDF.SG,11,8.3
LowSDF.SG,11,8.3
OpenSDF.SG,11,8.3
CloseSDF.SG,11,8.3
OpenKSW.SG,11,8.3
HighKSW.SG,11,8.3
High8916.TWO,11,8.3
High0220.HK,11,8.3
Low8916.TWO,11,8.3
Open8916.TWO,11,8.3
Close8916.TWO,11,8.3
Close084370.KQ,11,8.3
Open084370.KQ,11,8.3
Low084370.KQ,11,8.3
OpenLKE.BE,11,8.3
HighKSB.SG,11,8.3
LowKSB.SG,11,8.3
Close0220.HK,11,8.3
Open0220.HK,11,8.3
Low0220.HK,11,8.3
OpenKSB.SG,11,8.3
CloseKSB.SG,11,8.3
CloseTQC.SG,11,8.3
OpenTQC.SG,11,8.3
LowTQC.SG,11,8.3
LowLKE.BE,11,8.3
HighTQC.SG,11,8.3
CloseLKE.BE,11,8.3
Low2002.HK,11,8.3
LowLNN.BE,11,8.3
OpenLNN.BE,11,8.3
OpenLUS.SG,11,8.3
CloseLNN.BE,11,8.3
Low4420.TWO,11,8.3
LowLUS.SG,11,8.3
Low3588.TW,11,8.3
CloseLUS.F,11,8.3
OpenLUS.F,11,8.3
LowLUS.F,11,8.3
HighLUS.F,11,8.3
High2002.HK,11,8.3
High4420.TWO,11,8.3
HighLNN.BE,11,8.3
Close3588.TW,11,8.3
Open2002.HK,11,8.3
Close2002.HK,11,8.3
Close048830.KQ,11,8.3
Open048830.KQ,11,8.3
Low048830.KQ,11,8.3
Open5410.TWO,11,8.3
CloseLR81.BE,11,8.3
OpenLR81.BE,11,8.3
LowLR81.BE,11,8.3
HighLR81.BE,11,8.3
Open3588.TW,11,8.3
CloseLUS.SG,11,8.3
HighLUS.SG,11,8.3
CloseLNLB.SG,11,8.3
OpenLXS.SG,11,8.3
Close4420.TWO,11,8.3
CloseLLZ.F,11,8.3
OpenLLZ.F,11,8.3
LowLXS.SG,11,8.3
HighLXS.SG,11,8.3
LowLLZ.F,11,8.3
HighLLZ.F,11,8.3
High0543.HK,11,8.3
Low0543.HK,11,8.3
Open0543.HK,11,8.3
High5364.TWO,11,8.3
Low5364.TWO,11,8.3
Open5364.TWO,11,8.3
Close5364.TWO,11,8.3
High5410.TWO,11,8.3
Low5410.TWO,11,8.3
Close0543.HK,11,8.3
Open4420.TWO,11,8.3
High3588.TW,11,8.3
HighLNLB.SG,11,8.3
OpenLNLB.SG,11,8.3
LowLNLB.SG,11,8.3
CloseLXS.SG,11,8.3
High048830.KQ,11,8.3
HighRV6.MU,10,7.6
CloseT9P.F,10,7.6
OpenT9P.F,10,7.6
CloseD8DU.SI,10,7.6
OpenD8DU.SI,10,7.6
LowD8DU.SI,10,7.6
HighLA5.BE,10,7.6
LowT9P.F,10,7.6
OpenLAB.BE,10,7.6
LowRV6.MU,10,7.6
LowLA5.BE,10,7.6
HighLCO.BE,10,7.6
LowLCO.BE,10,7.6
OpenLCO.BE,10,7.6
CloseLCO.BE,10,7.6
CloseRV6.MU,10,7.6
HighT9P.F,10,7.6
OpenRV6.MU,10,7.6
CloseSLR.AX,10,7.6
CloseLAB.BE,10,7.6
OpenSLR.AX,10,7.6
OpenKU1.BE,10,7.6
LowKU1.BE,10,7.6
HighKU1.BE,10,7.6
LowLAB.BE,10,7.6
HighLAB.BE,10,7.6
CloseKU1.BE,10,7.6
CloseRZF.MU,10,7.6
HighRZF.MU,10,7.6
LowLAH1.BE,10,7.6
OpenLAH1.BE,10,7.6
CloseLAH1.BE,10,7.6
OpenRZF.MU,10,7.6
LowRZF.MU,10,7.6
CloseLA5.BE,10,7.6
OpenLA5.BE,10,7.6
HighSLR.AX,10,7.6
LowSLR.AX,10,7.6
HighLAH1.BE,10,7.6
HighD8DU.SI,10,7.6
Open096610.KQ,10,7.6
LowLP1.BE,10,7.6
Open003547.KS,10,7.6
High096610.KQ,10,7.6
Close096610.KQ,10,7.6
CloseORTINLAABS.BO,10,7.6
OpenORTINLAABS.BO,10,7.6
LowORTINLAABS.BO,10,7.6
High003547.KS,10,7.6
Low003547.KS,10,7.6
HighLP1.BE,10,7.6
HighORTINLAABS.BO,10,7.6
OpenLP1.BE,10,7.6
CloseLP1.BE,10,7.6
Low096610.KQ,10,7.6
HighLNH.BE,10,7.6
LowLNH.BE,10,7.6
OpenLNH.BE,10,7.6
CloseLNH.BE,10,7.6
Close003547.KS,10,7.6
HighLFGP,9,6.8
High093640.KQ,9,6.8
CloseLTT.BE,9,6.8
OpenLTT.BE,9,6.8
LowLTT.BE,9,6.8
HighLTT.BE,9,6.8
CloseS6IA.BE,9,6.8
LowLFGP,9,6.8
OpenS6IA.BE,9,6.8
HighLGG.BE,9,6.8
LowLGG.BE,9,6.8
OpenLGG.BE,9,6.8
CloseLE9.BE,9,6.8
CloseLGG.BE,9,6.8
HighS6IA.BE,9,6.8
LowS6IA.BE,9,6.8
Open093640.KQ,9,6.8
OpenLFGP,9,6.8
Low093640.KQ,9,6.8
CloseLFS.BE,9,6.8
OpenLFS.BE,9,6.8
LowLFS.BE,9,6.8
HighLFS.BE,9,6.8
Open0926.HK,9,6.8
CloseLFGP,9,6.8
Close0926.HK,9,6.8
HighS7N1.MU,9,6.8
HighLHU.BE,9,6.8
High0926.HK,9,6.8
OpenLE9.BE,9,6.8
LowLE9.BE,9,6.8
HighLE9.BE,9,6.8
CloseLHU.BE,9,6.8
CloseLDE.BE,9,6.8
OpenLDE.BE,9,6.8
LowLDE.BE,9,6.8
HighLDE.BE,9,6.8
OpenLHU.BE,9,6.8
LowLHU.BE,9,6.8
High092300.KQ,9,6.8
Low092300.KQ,9,6.8
Open092300.KQ,9,6.8
Close092300.KQ,9,6.8
Close093640.KQ,9,6.8
CloseDELRF,9,6.8
LowS7N1.MU,9,6.8
Low0926.HK,9,6.8
HighDELRF,9,6.8
LowDELRF,9,6.8
OpenDELRF,9,6.8
OpenS7N1.MU,9,6.8
CloseS7N1.MU,9,6.8
CloseRV6.BE,8,6.1
OpenRV6.BE,8,6.1
High6LA.MU,8,6.1
LowRV6.BE,8,6.1
HighRV6.F,8,6.1
Close6LA.MU,8,6.1
LowRV6.F,8,6.1
OpenRV6.F,8,6.1
CloseRV6.F,8,6.1
HighRV6.BE,8,6.1
Open6LA.MU,8,6.1
HighW1D.BE,8,6.1
LowPUK-PA,8,6.1
LowLX31.BE,8,6.1
Close1102.HK,8,6.1
HighLX31.BE,8,6.1
CloseW1D.BE,8,6.1
Low6LA.MU,8,6.1
HighPUK-PA,8,6.1
OpenPUK-PA,8,6.1
CloseLX31.BE,8,6.1
ClosePUK-PA,8,6.1
OpenW1D.BE,8,6.1
Open1102.HK,8,6.1
Low1102.HK,8,6.1
High1102.HK,8,6.1
LowW1D.BE,8,6.1
OpenLX31.BE,8,6.1
CloseL4R.BE,7,5.3
OpenL4R.BE,7,5.3
LowVINS,7,5.3
OpenVINS,7,5.3
CloseVINS,7,5.3
HighL4R.BE,7,5.3
LowL4R.BE,7,5.3
LowLAB.F,7,5.3
CloseLAB.F,7,5.3
HighLAR.BE,7,5.3
OpenLAB.F,7,5.3
CloseLAR.BE,7,5.3
HighVINS,7,5.3
HighLC1.BE,7,5.3
LowLC1.BE,7,5.3
OpenLC1.BE,7,5.3
CloseLC1.BE,7,5.3
OpenLAR.BE,7,5.3
LowLAR.BE,7,5.3
HighLAB.F,7,5.3
Open078340.KQ,6,4.5
Low078340.KQ,6,4.5
LowWHE.BE,6,4.5
HighWHE.BE,6,4.5
LowTQC.BE,6,4.5
Close086520.KQ,6,4.5
Open086520.KQ,6,4.5
HighTQC.BE,6,4.5
High086520.KQ,6,4.5
OpenWHE.BE,6,4.5
Close078340.KQ,6,4.5
Close095660.KQ,6,4.5
Open095660.KQ,6,4.5
CloseKTC.DU,6,4.5
Low095660.KQ,6,4.5
High095660.KQ,6,4.5
CloseKTC.MU,6,4.5
OpenKTC.MU,6,4.5
LowKTC.MU,6,4.5
HighKTC.MU,6,4.5
OpenKTC.DU,6,4.5
Close2020.HK,6,4.5
LowKTC.DU,6,4.5
HighKTC.DU,6,4.5
OpenTQC.BE,6,4.5
High2020.HK,6,4.5
Low2020.HK,6,4.5
Open2020.HK,6,4.5
Low086520.KQ,6,4.5
CloseWHE.BE,6,4.5
CloseTQC.BE,6,4.5
Low0569.HK,6,4.5
HighRICHIRICH.BO,6,4.5
CloseLNN.DU,6,4.5
OpenLNN.DU,6,4.5
LowLNN.DU,6,4.5
LowLAH1.MU,6,4.5
HighLNN.DU,6,4.5
OpenLAH1.MU,6,4.5
CloseLAH1.MU,6,4.5
High0569.HK,6,4.5
Open0569.HK,6,4.5
OpenRICHIRICH.BO,6,4.5
Close0569.HK,6,4.5
CloseLG6.BE,6,4.5
OpenLG6.BE,6,4.5
LowLG6.BE,6,4.5
HighLG6.BE,6,4.5
HighKUK.BE,6,4.5
Close0658.HK,6,4.5
Open0658.HK,6,4.5
Low0658.HK,6,4.5
LowRICHIRICH.BO,6,4.5
HighLAH1.MU,6,4.5
CloseRICHIRICH.BO,6,4.5
HighLX31.DU,6,4.5
LowKUK.BE,6,4.5
OpenKUK.BE,6,4.5
CloseKUK.BE,6,4.5
High078340.KQ,6,4.5
CloseLX31.DU,6,4.5
OpenLX31.DU,6,4.5
LowLX31.DU,6,4.5
High0658.HK,6,4.5
Open1991.HK,5,3.8
LowLPE.F,5,3.8
LowLX31.SG,5,3.8
CloseLEI.HM,5,3.8
OpenLEI.HM,5,3.8
OpenLPE.F,5,3.8
HighLEI.HM,5,3.8
High065500.KQ,5,3.8
HighB26.SI,5,3.8
LowB26.SI,5,3.8
OpenB26.SI,5,3.8
CloseB26.SI,5,3.8
Low065500.KQ,5,3.8
Open065500.KQ,5,3.8
CloseLPE.F,5,3.8
HighLUS.BE,5,3.8
LowLUS.BE,5,3.8
HighLX31.SG,5,3.8
HighLPE.F,5,3.8
Close065500.KQ,5,3.8
CloseOLJ.MU,5,3.8
Low1991.HK,5,3.8
High1991.HK,5,3.8
Close1386.HK,5,3.8
Open1386.HK,5,3.8
Low1386.HK,5,3.8
High1386.HK,5,3.8
Close1991.HK,5,3.8
CloseLUS.BE,5,3.8
High0573.HK,5,3.8
Low0573.HK,5,3.8
Open0573.HK,5,3.8
OpenLUS.BE,5,3.8
HighOLJ.MU,5,3.8
LowOLJ.MU,5,3.8
OpenOLJ.MU,5,3.8
Close0573.HK,5,3.8
LowLEI.HM,5,3.8
CloseLX31.SG,5,3.8
CloseKU2.HA,5,3.8
CloseRLC.AX,5,3.8
OpenRLC.AX,5,3.8
LowRLC.AX,5,3.8
Close0822.HK,5,3.8
Open0822.HK,5,3.8
HighRLC.AX,5,3.8
OpenLX31.SG,5,3.8
LowKU2.HA,5,3.8
OpenKU2.HA,5,3.8
HighKU2.HA,5,3.8
Low0822.HK,5,3.8
High0822.HK,5,3.8
OpenLAMBODHARA.BO,4,3.0
HighNYVB.MU,4,3.0
LowNYVB.MU,4,3.0
OpenNYVB.MU,4,3.0
CloseNYVB.MU,4,3.0
HighOL5.MU,4,3.0
LowOL5.MU,4,3.0
OpenOL5.MU,4,3.0
CloseOL5.MU,4,3.0
CloseLAMBODHARA.BO,4,3.0
HighULC.BE,4,3.0
OpenLH6.F,4,3.0
OpenN9J.F,4,3.0
LowKTB1.BE,4,3.0
CloseLN3.BE,4,3.0
OpenLN3.BE,4,3.0
LowLN3.BE,4,3.0
HighLN3.BE,4,3.0
HighN9J.F,4,3.0
LowN9J.F,4,3.0
CloseN9J.F,4,3.0
CloseKTB1.BE,4,3.0
HighN9J.MU,4,3.0
LowN9J.MU,4,3.0
OpenN9J.MU,4,3.0
CloseN9J.MU,4,3.0
HighLAMBODHARA.BO,4,3.0
LowLAMBODHARA.BO,4,3.0
OpenKTB1.BE,4,3.0
CloseLH6.F,4,3.0
CloseMEOAF,4,3.0
LowULC.BE,4,3.0
CloseLR81.MU,4,3.0
HighM3I.F,4,3.0
LowM3I.F,4,3.0
OpenM3I.F,4,3.0
CloseM3I.F,4,3.0
CloseLVWD,4,3.0
OpenLVWD,4,3.0
LowLVWD,4,3.0
CloseULC.BE,4,3.0
OpenULC.BE,4,3.0
HighLVWD,4,3.0
HighKTB1.BE,4,3.0
OpenLR81.MU,4,3.0
HighMEOAF,4,3.0
LowMEOAF,4,3.0
OpenMEOAF,4,3.0
LowLR81.MU,4,3.0
HighLH6.F,4,3.0
LowLH6.F,4,3.0
HighLR81.MU,4,3.0
HighLR81.F,3,2.3
LowLA5.F,3,2.3
HighL4R.F,3,2.3
LowL4R.F,3,2.3
OpenL4R.F,3,2.3
CloseL4R.F,3,2.3
HighLA5.F,3,2.3
OpenLA5.F,3,2.3
LowLR81.F,3,2.3
CloseRCSL4.SA,3,2.3
LowRCSL4.SA,3,2.3
OpenLR81.F,3,2.3
OpenRCSL4.SA,3,2.3
CloseLA5.F,3,2.3
CloseLR81.F,3,2.3
OpenCHZ.F,3,2.3
HighRCSL4.SA,3,2.3
CloseLAR.DU,3,2.3
CloseKSB3.BE,3,2.3
OpenLEI.BE,3,2.3
LowLEI.BE,3,2.3
HighLEI.BE,3,2.3
HighPHOENIXLTD.NS,3,2.3
LowPHOENIXLTD.NS,3,2.3
OpenPHOENIXLTD.NS,3,2.3
ClosePHOENIXLTD.NS,3,2.3
ClosePRL.F,3,2.3
OpenPRL.F,3,2.3
LowPRL.F,3,2.3
HighPRL.F,3,2.3
LowLBA.MU,3,2.3
OpenLBA.MU,3,2.3
CloseLBA.MU,3,2.3
CloseCHZ.F,3,2.3
HighCHZ.F,3,2.3
HighLBA.MU,3,2.3
CloseLEI.BE,3,2.3
HighLEO.HA,3,2.3
LowLEO.HA,3,2.3
OpenKSB3.BE,3,2.3
LowCHZ.F,3,2.3
HighKSB3.BE,3,2.3
HighLAR.DU,3,2.3
LowLAR.DU,3,2.3
CloseKSB.HM,3,2.3
OpenKSB.HM,3,2.3
LowKSB.HM,3,2.3
CloseLGLD.IL,3,2.3
OpenLGLD.IL,3,2.3
LowLGLD.IL,3,2.3
HighLGLD.IL,3,2.3
HighKSB.HM,3,2.3
OpenLAR.DU,3,2.3
CloseLEO.HA,3,2.3
OpenLEO.HA,3,2.3
LowKSB3.BE,3,2.3
CloseULC.HM,2,1.5
OpenULC.HM,2,1.5
LowULC.HM,2,1.5
HighULC.HM,2,1.5
OpenKTC.BE,2,1.5
OpenLEC.SG,2,1.5
CloseLEHAR.BO,2,1.5
LowLEHAR.BO,2,1.5
HighLEHAR.BO,2,1.5
CloseLEC.SG,2,1.5
LowCOLINZ.BO,2,1.5
LowLEC.SG,2,1.5
HighLEC.SG,2,1.5
CloseKTC.BE,2,1.5
High2312.HK,2,1.5
LowKTC.BE,2,1.5
HighKTC.BE,2,1.5
Low2312.HK,2,1.5
Open2312.HK,2,1.5
Close2312.HK,2,1.5
HighBERVINL.BO,2,1.5
CloseKSB.BE,2,1.5
OpenKSB.BE,2,1.5
LowKSB.BE,2,1.5
HighKSB.BE,2,1.5
LowBERVINL.BO,2,1.5
OpenBERVINL.BO,2,1.5
CloseBERVINL.BO,2,1.5
HighCOLINZ.BO,2,1.5
CloseCOLINZ.BO,2,1.5
OpenLEHAR.BO,2,1.5
OpenCOLINZ.BO,2,1.5
LowPSL.L,2,1.5
OpenPSL.L,2,1.5
LowLUS.MU,2,1.5
HighP7K.MU,2,1.5
LowP7K.MU,2,1.5
OpenP7K.MU,2,1.5
CloseP7K.MU,2,1.5
HighPSL.L,2,1.5
CloseLUS.MU,2,1.5
OpenLUS.MU,2,1.5
ClosePSL.L,2,1.5
HighLUS.MU,2,1.5
CloseLIV.F,2,1.5
OpenLIV.F,2,1.5
LowLIV.F,2,1.5
HighLIV.F,2,1.5
Close000075.KS,1,0.8
High002025.KS,1,0.8
Low002025.KS,1,0.8
Open002025.KS,1,0.8
Close002025.KS,1,0.8
Open000075.KS,1,0.8
Close004170.KS,1,0.8
Open1838.HK,1,0.8
Close1838.HK,1,0.8
Open004170.KS,1,0.8
Low1838.HK,1,0.8
High1838.HK,1,0.8
Close1383.HK,1,0.8
Open1383.HK,1,0.8
Low1383.HK,1,0.8
High1383.HK,1,0.8
Close093520.KQ,1,0.8
Open093520.KQ,1,0.8
Low093520.KQ,1,0.8
High093520.KQ,1,0.8
High004170.KS,1,0.8
Low004170.KS,1,0.8
CloseSEA.NZ,1,0.8
Low000075.KS,1,0.8
HighCOUNCODOS.NS,1,0.8
LowCOUNCODOS.NS,1,0.8
LowSEA.NZ,1,0.8
HighSEA.NZ,1,0.8
CloseLYSCF,1,0.8
OpenLYSCF,1,0.8
LowLYSCF,1,0.8
HighLYSCF,1,0.8
CloseLINAKS.BO,1,0.8
OpenLINAKS.BO,1,0.8
LowLINAKS.BO,1,0.8
HighLINAKS.BO,1,0.8
CloseLAR.MU,1,0.8
OpenLAR.MU,1,0.8
LowLAR.MU,1,0.8
HighLAR.MU,1,0.8
CloseLAKSHMIEFL.NS,1,0.8
OpenLAKSHMIEFL.NS,1,0.8
LowLAKSHMIEFL.NS,1,0.8
HighLAKSHMIEFL.NS,1,0.8
CloseKWS.DU,1,0.8
OpenKWS.DU,1,0.8
LowKWS.DU,1,0.8
HighKWS.DU,1,0.8
OpenSEA.NZ,1,0.8
CloseKSW.F,1,0.8
OpenKSW.F,1,0.8
LowKSW.F,1,0.8
HighKSW.F,1,0.8
CloseCOUNCODOS.NS,1,0.8
OpenCOUNCODOS.NS,1,0.8
High000075.KS,1,0.8
